PostCodes,Posttown,GDescription
CV2,Warwickshire,Group 2
OX13,Oxfordshire,Group 3
NE85,Tyne and Wear,Group 1
TN26,Kent,Group 3
RH14,West Sussex,Group 3
NG13,Leicestershire,Group 1
NE31,Tyne and Wear,Group 1
CB22,Cambridgeshire,Group 3
WV8,Staffordshire,Group 2
S42,Derbyshire,Group 1
GL51,Gloucestershire,Group 2
LS24,North Yorkshire,Group 1
TD12,Northumberland,Group 1
PR3,Lancashire,Group 1
E1,Greater London,Group 3
16,Ards,Unallocated
FK9,Stirling,Group 1
TA1,Somerset,Group 2
IP27,Norfolk,Group 3
LS11,West Yorkshire,Group 1
ME9,Kent,Group 3
KY13,Perth and Kinross,Group 1
KA15,North Ayrshire,Group 1
DN16,Lincolnshire,Group 1
LL23,Gwynedd,Group 2
PE2,Cambridgeshire,Group 1
BD23,West Yorkshire,Group 1
EH17,Midlothian,Group 1
PA61,Argyll and Bute,Group 1
W10,Greater London,Group 3
MK2,Buckinghamshire,Group 3
SA11,Neath Port Talbot,Group 2
BS24,Somerset,Group 2
BL5,Lancashire,Group 2
NE25,Northumberland,Group 1
DN18,Lincolnshire,Group 1
NR9,Norfolk,Group 3
PA19,Inverclyde,Group 1
SO40,Hampshire,Group 2
OL2,Lancashire,Group 1
EX8,Devon,Group 2
S1,South Yorkshire,Group 1
B93,West Midlands,Group 2
GU28,West Sussex,Group 2
NE18,Northumberland,Group 1
SA20,Carmarthenshire,Group 2
GU34,Hampshire,Group 2
G82,West Dunbartonshire,Group 1
L4,Merseyside,Group 2
SO43,Hampshire,Group 2
S6,South Yorkshire,Group 1
OX4,Oxfordshire,Group 3
TS28,Durham,Group 1
NG17,Nottinghamshire,Group 1
BA4,Somerset,Group 2
TW11,Greater London,Group 3
TA20,Dorset,Group 2
WA12,Lancashire,Group 2
PO9,Hampshire,Group 2
EH21,City of Edinburgh,Group 1
SA44,Carmarthenshire,Group 2
M27,Greater Manchester,Group 2
SY12,Shropshire,Group 2
FK19,Stirling,Group 1
201,Aberdeen City,Group 1
CW2,Cheshire,Group 2
WR14,Worcestershire,Group 2
TN32,East Sussex,Group 3
CA15,Cumbria,Group 1
TS1,North Yorkshire,Group 1
PA3,Renfrewshire,Group 1
NW7,Greater London,Group 3
AB41,Aberdeenshire,Group 1
KY14,Fife,Group 1
IV22,Highland,Group 1
DA12,Kent,Group 3
SK11,Cheshire,Group 2
WS5,West Midlands,Group 2
EX4,Devon,Group 2
EC2M,Greater London,Group 3
LU6,Bedfordshire,Group 3
TS26,Durham,Group 1
BR1,Kent,Group 3
SY15,Shropshire,Group 2
IP14,Suffolk,Group 3
IV16,Highland,Group 1
DA5,Kent,Group 3
KT21,Surrey,Group 2
SN15,Wiltshire,Group 2
TW17,Surrey,Group 3
MK12,Buckinghamshire,Group 3
L14,Merseyside,Group 2
NR25,Norfolk,Group 3
LE87,Leicestershire,Group 2
YO31,North Yorkshire,Group 1
BT30,Down,Unallocated
SK9,Cheshire,Group 2
TA17,Somerset,Group 2
NG15,Nottinghamshire,Group 1
LD6,Powys,Group 2
M7,Greater Manchester,Group 2
LL59,Isle of Anglesey,Group 2
NE27,Tyne and Wear,Group 1
N16,Greater London,Group 3
WC1N,Greater London,Group 3
BT23,Ards,Unallocated
IM5,NULL,Unallocated
CF63,The Vale of Glamorgan,Group 2
M35,Lancashire,Group 2
SO53,Hampshire,Group 2
B19,West Midlands,Group 2
SY23,Ceredigion,Group 2
LA7,Cumbria,Group 1
LN11,Lincolnshire,Group 1
CF14,Cardiff,Group 2
ME16,Kent,Group 3
SE24,Greater London,Group 3
GL2,Gloucestershire,Group 2
NE24,Northumberland,Group 1
DY9,West Midlands,Group 2
S79,South Yorkshire,Group 1
HU12,East Riding of Yorkshire,Group 1
NR7,Norfolk,Group 3
PO20,West Sussex,Group 2
TF9,Shropshire,Group 2
CH28,Merseyside,Group 2
KA8,South Ayrshire,Group 1
BS34,Gloucestershire,Group 2
WF5,West Yorkshire,Group 1
CT1,Kent,Group 3
SA38,Carmarthenshire,Group 2
TW19,Berkshire,Group 3
OX44,Oxfordshire,Group 3
GL5,Gloucestershire,Group 2
SG11,Hertfordshire,Group 3
SK4,Cheshire,Group 2
BN99,West Sussex,Group 3
BT11,Belfast,Unallocated
CT16,Kent,Group 3
EH14,City of Edinburgh,Group 1
WF10,West Yorkshire,Group 1
BT17,Lisburn,Unallocated
S62,South Yorkshire,Group 1
LS1,West Yorkshire,Group 1
CM4,Greater London,Group 3
LL43,Gwynedd,Group 2
SW1E,Greater London,Group 3
PO34,Isle of Wight,Group 2
ST1,Staffordshire,Group 2
S29,South Yorkshire,Group 1
WN3,Lancashire,Group 2
NN10,Bedfordshire,Group 2
G15,Glasgow City,Group 1
CH25,Merseyside,Group 2
HS8,Eilean Siar,Unallocated
AB52,Aberdeenshire,Group 1
TA16,Somerset,Group 2
PH5,Perth and Kinross,Group 1
HP9,Buckinghamshire,Group 3
BS40,Somerset,Group 2
N81,Greater London,Group 3
CF35,Bridgend,Group 2
ME10,Kent,Group 3
SK13,Derbyshire,Group 2
KY1,Fife,Group 1
S48,South Yorkshire,Group 1
G28,Glasgow City,Group 1
RG29,Hampshire,Group 2
IP8,Suffolk,Group 3
IV30,Moray,Group 1
NP16,Gloucestershire,Group 2
CF91,"Rhondda, Cynon, Taff",Group 2
AB31,Aberdeenshire,Group 1
HA8,Greater London,Group 3
CH66,Cheshire,Group 2
W8,Greater London,Group 3
BT34,Newry and Mourne,Unallocated
BH8,Dorset,Group 2
IP24,Norfolk,Group 3
PA7,Renfrewshire,Group 1
S98,South Yorkshire,Group 1
YO24,North Yorkshire,Group 1
DE14,Staffordshire,Group 1
OX28,Oxfordshire,Group 3
G79,South Lanarkshire,Group 1
M43,Greater Manchester,Group 2
NE12,Tyne and Wear,Group 1
MK46,Buckinghamshire,Group 3
GU27,Surrey,Group 2
B50,Warwickshire,Group 2
PE37,Norfolk,Group 1
SA35,Pembrokeshire,Group 2
BT20,North Down,Unallocated
BN88,East Sussex,Group 3
BT42,Ballymena,Unallocated
RG26,Hampshire,Group 2
AB10,Aberdeen City,Group 1
TD8,Scottish Borders,Group 1
TQ8,Devon,Group 2
WA14,Cheshire,Group 2
CM15,Greater London,Group 3
KT2,Greater London,Group 2
PE13,Cambridgeshire,Group 1
B96,Worcestershire,Group 2
W9,Greater London,Group 3
ME8,Kent,Group 3
56,Ards,Unallocated
M20,Greater Manchester,Group 2
IP18,Suffolk,Group 3
B69,West Midlands,Group 2
S53,South Yorkshire,Group 1
ME4,Kent,Group 3
G32,Glasgow City,Group 1
CB25,Cambridgeshire,Group 3
DD8,Angus,Group 1
B94,Warwickshire,Group 2
BH13,Dorset,Group 2
LE16,Leicestershire,Group 2
DG7,Dumfries and Galloway,Group 1
NN17,Northamptonshire,Group 2
TD6,Scottish Borders,Group 1
LA10,Cumbria,Group 1
KA28,North Ayrshire,Group 1
101,Aberdeen City,Group 1
G8,Glasgow City,Group 1
KT11,Surrey,Group 2
W1H,Greater London,Group 3
SK5,Cheshire,Group 2
LL72,Isle of Anglesey,Group 2
W14,Greater London,Group 3
E17,Greater London,Group 3
OX2,Oxfordshire,Group 3
CH64,Cheshire,Group 2
BT31,Down,Unallocated
TR12,Cornwall,Group 2
RH4,Surrey,Group 3
EX11,Devon,Group 2
RG6,Berkshire,Group 2
GY7,Guernsey,Unallocated
G66,East Dunbartonshire,Group 1
L75,Merseyside,Group 2
SW95,Greater London,Group 3
S43,Derbyshire,Group 1
DE73,Derbyshire,Group 1
ML4,North Lanarkshire,Group 1
WA5,Cheshire,Group 2
LL29,Conwy,Group 2
PH38,Highland,Group 1
EN1,Greater London,Group 3
SW9,Greater London,Group 3
CA27,Cumbria,Group 1
G52,Renfrewshire,Group 1
LL40,Gwynedd,Group 2
PE11,Lincolnshire,Group 1
LU5,Bedfordshire,Group 3
G11,Glasgow City,Group 1
NE92,Tyne and Wear,Group 1
SA63,Pembrokeshire,Group 2
BS37,Gloucestershire,Group 2
EC1P,Greater London,Group 3
PO17,Hampshire,Group 2
YO26,North Yorkshire,Group 1
WF16,West Yorkshire,Group 1
FK8,Stirling,Group 1
NE66,Northumberland,Group 1
NG34,Lincolnshire,Group 1
NR3,Norfolk,Group 3
AB15,Aberdeen City,Group 1
DA13,Kent,Group 3
G19,Glasgow City,Group 1
GU51,Hampshire,Group 2
SA31,Carmarthenshire,Group 2
EC2A,Greater London,Group 3
M61,Greater Manchester,Group 2
SO18,Hampshire,Group 2
WF8,North Yorkshire,Group 1
AB39,Aberdeenshire,Group 1
GL1,Gloucestershire,Group 2
NP23,Blaenau Gwent,Group 2
CR44,Greater London,Group 3
GY3,Guernsey,Unallocated
SG7,Hertfordshire,Group 3
CM12,Greater London,Group 3
IM1,NULL,Unallocated
WR9,Worcestershire,Group 2
GU20,Surrey,Group 2
LE12,Leicestershire,Group 2
G77,Glasgow City,Group 1
CM16,Greater London,Group 3
PO13,Hampshire,Group 2
E15,Greater London,Group 3
MK77,Buckinghamshire,Group 3
MK7,Buckinghamshire,Group 3
SA40,Carmarthenshire,Group 2
FY4,Lancashire,Group 1
DE45,Derbyshire,Group 1
L35,Merseyside,Group 2
PE4,Cambridgeshire,Group 1
BR7,Kent,Group 3
PA67,Argyll and Bute,Group 1
SA73,Pembrokeshire,Group 2
TR15,Cornwall,Group 2
TS2,Durham,Group 1
DE24,Derbyshire,Group 1
CF42,"Rhondda, Cynon, Taff",Group 2
S50,South Yorkshire,Group 1
M24,Greater Manchester,Group 2
NP15,Monmouthshire,Group 2
E7,Greater London,Group 3
S32,Derbyshire,Group 1
BD2,West Yorkshire,Group 1
PE33,Norfolk,Group 1
SO52,Hampshire,Group 2
IV17,Highland,Group 1
EX31,Devon,Group 2
SW1P,Greater London,Group 3
DN31,Lincolnshire,Group 1
LS88,West Yorkshire,Group 1
G60,West Dunbartonshire,Group 1
TN37,East Sussex,Group 3
NG1,Nottinghamshire,Group 1
TF8,Shropshire,Group 2
LU7,Bedfordshire,Group 3
EN3,Greater London,Group 3
SW11,Greater London,Group 3
NP20,Newport,Group 2
SG19,Cambridgeshire,Group 3
DY23,Worcestershire,Group 2
UB1,Greater London,Group 3
SW1H,Greater London,Group 3
BS23,Somerset,Group 2
DH98,Tyne and Wear,Group 1
NN1,Northamptonshire,Group 2
LL76,Isle of Anglesey,Group 2
PH11,Angus,Group 1
NW8,Greater London,Group 3
G44,Glasgow City,Group 1
WS14,Staffordshire,Group 2
G10,Glasgow City,Group 1
BT14,Belfast,Unallocated
TR11,Cornwall,Group 2
S68,South Yorkshire,Group 1
CB3,Cambridgeshire,Group 3
RG2,Berkshire,Group 2
RG8,Berkshire,Group 2
ST3,Staffordshire,Group 2
PH34,Highland,Group 1
G39,Glasgow City,Group 1
M45,Lancashire,Group 2
NE3,Tyne and Wear,Group 1
OX15,Oxfordshire,Group 3
CF43,"Rhondda, Cynon, Taff",Group 2
RG40,Berkshire,Group 2
TN4,Kent,Group 3
BH1,Dorset,Group 2
DN20,Lincolnshire,Group 1
SM5,Greater London,Group 3
CH30,Merseyside,Group 2
CH29,Merseyside,Group 2
MK6,Buckinghamshire,Group 3
SK7,Cheshire,Group 2
BT1,Belfast,Unallocated
CW7,Cheshire,Group 2
TF4,Shropshire,Group 2
BN44,West Sussex,Group 3
CF62,Cardiff,Group 2
BT54,Moyle,Unallocated
UB11,Greater London,Group 3
DG4,Dumfries and Galloway,Group 1
BT76,Dungannon,Unallocated
TS9,North Yorkshire,Group 1
WS13,Staffordshire,Group 2
SG5,Bedfordshire,Group 3
GU21,Surrey,Group 2
34,Ards,Unallocated
CB23,Cambridgeshire,Group 3
AL20,Hertfordshire,Group 2
SS8,Greater London,Group 3
SY10,Shropshire,Group 2
CA2,Cumbria,Group 1
NE34,Tyne and Wear,Group 1
PE20,Lincolnshire,Group 1
la,,Group 1
SY19,Powys,Group 2
PO14,Hampshire,Group 2
CV33,Warwickshire,Group 2
PL25,Cornwall,Group 2
DA10,Kent,Group 3
RG9,Buckinghamshire,Group 2
NE13,Tyne and Wear,Group 1
CT50,Kent,Group 3
CA22,Cumbria,Group 1
L27,Merseyside,Group 2
PL6,Devon,Group 2
TQ13,Devon,Group 2
MK17,Buckinghamshire,Group 3
SS6,Greater London,Group 3
YO60,North Yorkshire,Group 1
KW3,Highland,Unallocated
GL50,Gloucestershire,Group 2
BT26,Lisburn,Unallocated
BT70,Dungannon,Unallocated
DG1,Dumfries and Galloway,Group 1
SA80,Swansea,Group 2
KT8,Greater London,Group 2
CV13,Leicestershire,Group 2
S56,South Yorkshire,Group 1
BN15,West Sussex,Group 3
NW1,Greater London,Group 3
BB7,Lancashire,Group 1
CM1,Greater London,Group 3
IV46,Highland,Group 1
CM77,Greater London,Group 3
S21,Derbyshire,Group 1
IV40,Highland,Group 1
TQ1,Devon,Group 2
WF15,West Yorkshire,Group 1
TS5,North Yorkshire,Group 1
GL14,Gloucestershire,Group 2
SE21,Greater London,Group 3
LL41,Gwynedd,Group 2
LL34,Conwy,Group 2
WC1E,Greater London,Group 3
TA13,Somerset,Group 2
TN29,Kent,Group 3
PE15,Cambridgeshire,Group 1
TS4,North Yorkshire,Group 1
B91,West Midlands,Group 2
LL61,Isle of Anglesey,Group 2
W1D,Greater London,Group 3
L36,Merseyside,Group 2
SA42,Pembrokeshire,Group 2
G67,Glasgow City,Group 1
50,Ards,Unallocated
TF6,Shropshire,Group 2
S38,South Yorkshire,Group 1
EX36,Devon,Group 2
CH8,Flintshire,Group 2
IG4,Greater London,Group 3
BN51,East Sussex,Group 3
EH49,Falkirk,Group 1
ME12,Kent,Group 3
LA16,Cumbria,Group 1
SS17,Greater London,Group 3
BS99,City of Bristol,Group 2
NR19,Norfolk,Group 3
OX9,Oxfordshire,Group 3
PO4,Hampshire,Group 2
CV21,Warwickshire,Group 2
KA6,East Ayrshire,Group 1
PH25,Highland,Group 1
TA14,Somerset,Group 2
PO39,Isle of Wight,Group 2
TS14,North Yorkshire,Group 1
BB12,Lancashire,Group 1
SE22,Greater London,Group 3
G35,Glasgow City,Group 1
TR21,Cornwall,Group 2
AB16,Aberdeen City,Group 1
KY12,Fife,Group 1
DA14,Kent,Group 3
EH26,Midlothian,Group 1
NR24,Norfolk,Group 3
TN22,East Sussex,Group 3
EC2Y,Greater London,Group 3
G16,Glasgow City,Group 1
TN20,East Sussex,Group 3
TW8,Greater London,Group 3
SA99,Swansea,Group 2
L28,Merseyside,Group 2
EH25,Midlothian,Group 1
EC4V,Greater London,Group 3
PH40,Highland,Group 1
B95,Warwickshire,Group 2
SY9,Shropshire,Group 2
AB42,Aberdeenshire,Group 1
GY9,Guernsey,Unallocated
PE10,Lincolnshire,Group 1
SE15,Greater London,Group 3
B36,West Midlands,Group 2
LL51,Gwynedd,Group 2
TW13,Greater London,Group 3
MK10,Buckinghamshire,Group 3
BT40,Larne,Unallocated
KY8,Fife,Group 1
LL20,Denbighshire,Group 2
BS2,City of Bristol,Group 2
OX,Gloucestershire,Group 3
CT10,Kent,Group 3
B71,West Midlands,Group 2
BH11,Dorset,Group 2
IV8,Highland,Group 1
CH5,Flintshire,Group 2
B17,West Midlands,Group 2
AB13,Aberdeen City,Group 1
TS10,North Yorkshire,Group 1
SS13,Greater London,Group 3
SA9,Neath Port Talbot,Group 2
PR25,Lancashire,Group 1
PH44,Highland,Group 1
B40,West Midlands,Group 2
M3,Greater Manchester,Group 2
PA44,Argyll and Bute,Group 1
TR24,Cornwall,Group 2
RG41,Berkshire,Group 2
BS1,City of Bristol,Group 2
PA60,Argyll and Bute,Group 1
KA9,South Ayrshire,Group 1
PA46,Argyll and Bute,Group 1
WC2N,Greater London,Group 3
CT12,Kent,Group 3
M30,Greater Manchester,Group 2
NR22,Norfolk,Group 3
17,Ards,Unallocated
BN43,West Sussex,Group 3
S41,Derbyshire,Group 1
TF5,Shropshire,Group 2
BH31,Dorset,Group 2
RH20,West Sussex,Group 3
M8,Greater Manchester,Group 2
NE22,Northumberland,Group 1
GL53,Gloucestershire,Group 2
SP9,Wiltshire,Group 2
M23,Greater Manchester,Group 2
L73,Merseyside,Group 2
LS10,West Yorkshire,Group 1
UB6,Greater London,Group 3
SW1W,Greater London,Group 3
BS41,Somerset,Group 2
CH70,Flintshire,Group 2
LS28,West Yorkshire,Group 1
DT3,Dorset,Group 2
BT61,Armagh,Unallocated
YO14,North Yorkshire,Group 1
GL11,Gloucestershire,Group 2
North Yorkshire,,Unallocated
21,Ards,Unallocated
DA6,Kent,Group 3
YO13,North Yorkshire,Group 1
LE18,Leicestershire,Group 2
DG11,Dumfries and Galloway,Group 1
PL4,Devon,Group 2
DL2,Durham,Group 1
EH1,City of Edinburgh,Group 1
SY17,Powys,Group 2
WA11,Merseyside,Group 2
EX24,Devon,Group 2
EH11,City of Edinburgh,Group 1
BH5,Dorset,Group 2
FY8,Lancashire,Group 1
TR13,Cornwall,Group 2
EH7,City of Edinburgh,Group 1
RM18,Greater London,Group 3
BN20,East Sussex,Group 3
PE9,Cambridgeshire,Group 1
CA23,Cumbria,Group 1
TQ3,Devon,Group 2
UB7,Greater London,Group 3
IP25,Norfolk,Group 3
TQ11,Devon,Group 2
B68,West Midlands,Group 2
TN2,Kent,Group 3
WD,,Group 3
NN29,Bedfordshire,Group 2
RG45,Berkshire,Group 2
CR3,Surrey,Group 3
CO4,Greater London,Group 3
BN3,East Sussex,Group 3
BL11,Lancashire,Group 2
SK8,Cheshire,Group 2
CA4,Cumbria,Group 1
HX4,West Yorkshire,Group 1
NE35,Tyne and Wear,Group 1
WR13,Herefordshire,Group 2
SA7,Swansea,Group 2
WA1,Cheshire,Group 2
NG11,Nottinghamshire,Group 1
SY4,Shropshire,Group 2
HP10,Buckinghamshire,Group 3
RM17,Greater London,Group 3
WN5,Lancashire,Group 2
SG17,Bedfordshire,Group 3
WF90,West Yorkshire,Group 1
PL33,Cornwall,Group 2
S22,South Yorkshire,Group 1
PR0,Lancashire,Group 1
TA23,Somerset,Group 2
B63,West Midlands,Group 2
TS11,North Yorkshire,Group 1
PH15,Perth and Kinross,Group 1
PE12,Lincolnshire,Group 1
NN13,Buckinghamshire,Group 2
PA23,Argyll and Bute,Group 1
EC1M,Greater London,Group 3
BL0,Lancashire,Group 2
LL65,Isle of Anglesey,Group 2
MK11,Buckinghamshire,Group 3
B7,West Midlands,Group 2
HU7,East Riding of Yorkshire,Group 1
NE17,Durham,Group 1
WD3,Hertfordshire,Group 3
W1G,Greater London,Group 3
TW16,Surrey,Group 3
CA26,Cumbria,Group 1
S24,South Yorkshire,Group 1
PA37,Argyll and Bute,Group 1
NR8,Norfolk,Group 3
CF72,"Rhondda, Cynon, Taff",Group 2
WS3,West Midlands,Group 2
EC4N,Greater London,Group 3
HU11,East Riding of Yorkshire,Group 1
TS20,Durham,Group 1
PA74,Argyll and Bute,Group 1
SW2,Greater London,Group 3
SN10,Wiltshire,Group 2
SO24,Hampshire,Group 2
BT57,Coleraine,Unallocated
CF47,Merthyr Tydfil,Group 2
PA20,Argyll and Bute,Group 1
KA10,South Ayrshire,Group 1
SO42,Hampshire,Group 2
TW5,Greater London,Group 3
SW5,Greater London,Group 3
PA15,Inverclyde,Group 1
TQ6,Devon,Group 2
M28,Greater Manchester,Group 2
DL10,North Yorkshire,Group 1
FK10,Clackmannanshire,Group 1
HA0,Greater London,Group 3
EC2P,Greater London,Group 3
PE38,Norfolk,Group 1
KT15,Surrey,Group 2
CV1,West Midlands,Group 2
KA26,South Ayrshire,Group 1
HR9,Gloucestershire,Group 2
B90,West Midlands,Group 2
LA15,Cumbria,Group 1
22,Ards,Unallocated
SG14,Hertfordshire,Group 3
RM5,Greater London,Group 3
BT39,Antrim,Unallocated
AB30,Aberdeenshire,Group 1
EX6,Devon,Group 2
SY14,Cheshire,Group 2
KA18,East Ayrshire,Group 1
MK1,Buckinghamshire,Group 3
BL7,Lancashire,Group 2
JE2,Jersey,Unallocated
IG3,Greater London,Group 3
ME17,Kent,Group 3
KT23,Surrey,Group 2
PO1,Hampshire,Group 2
SL7,Buckinghamshire,Group 2
CT15,Kent,Group 3
CM6,Greater London,Group 3
SA33,Carmarthenshire,Group 2
KT13,Surrey,Group 2
LE15,Leicestershire,Group 2
RG10,Berkshire,Group 2
ML1,North Lanarkshire,Group 1
M38,Greater Manchester,Group 2
IM2,NULL,Unallocated
W3,Greater London,Group 3
NN16,Northamptonshire,Group 2
CT20,Kent,Group 3
SG16,Bedfordshire,Group 3
PA16,Inverclyde,Group 1
NR5,Norfolk,Group 3
KY11,Fife,Group 1
NR30,Norfolk,Group 3
GU12,Hampshire,Group 2
SP11,Hampshire,Group 2
YO8,East Riding of Yorkshire,Group 1
EH91,City of Edinburgh,Group 1
DG13,Dumfries and Galloway,Group 1
EH54,City of Edinburgh,Group 1
BH22,Dorset,Group 2
E12,Greater London,Group 3
B75,West Midlands,Group 2
NG20,Derbyshire,Group 1
SY22,Powys,Group 2
IM8,NULL,Unallocated
SN99,Wiltshire,Group 2
CF64,Cardiff,Group 2
SE17,Greater London,Group 3
NN4,Northamptonshire,Group 2
NG19,Derbyshire,Group 1
DN12,South Yorkshire,Group 1
NG16,Derbyshire,Group 1
PR5,Lancashire,Group 1
LL66,Isle of Anglesey,Group 2
SA14,Carmarthenshire,Group 2
FK14,Clackmannanshire,Group 1
G58,Glasgow City,Group 1
AB22,Aberdeen City,Group 1
SN2,Wiltshire,Group 2
LA1,Lancashire,Group 1
EH47,West Lothian,Group 1
CT19,Kent,Group 3
BT69,Dungannon,Unallocated
SP3,Wiltshire,Group 2
DE65,Derbyshire,Group 1
PO21,West Sussex,Group 2
LS19,West Yorkshire,Group 1
SS11,Greater London,Group 3
GU52,Hampshire,Group 2
PL8,Devon,Group 2
HP1,,Group 3
NE29,Tyne and Wear,Group 1
NR12,Norfolk,Group 3
MK45,Buckinghamshire,Group 3
CM19,Greater London,Group 3
LS13,West Yorkshire,Group 1
TN5,East Sussex,Group 3
SE23,Greater London,Group 3
DD9,Angus,Group 1
PA45,Argyll and Bute,Group 1
B14,West Midlands,Group 2
TN19,East Sussex,Group 3
RM1,Greater London,Group 3
G41,Glasgow City,Group 1
W1J,Greater London,Group 3
CW3,Cheshire,Group 2
LL64,Isle of Anglesey,Group 2
S72,South Yorkshire,Group 1
CB2,Cambridgeshire,Group 3
LL46,Gwynedd,Group 2
PH17,Perth and Kinross,Group 1
EH10,Midlothian,Group 1
B48,Worcestershire,Group 2
YO12,North Yorkshire,Group 1
G30,Glasgow City,Group 1
NN2,Northamptonshire,Group 2
DE7,Derbyshire,Group 1
G21,Glasgow City,Group 1
HS1,Eilean Siar,Unallocated
DY5,West Midlands,Group 2
S33,Derbyshire,Group 1
KW11,Highland,Unallocated
PA24,Argyll and Bute,Group 1
AB12,Aberdeen City,Group 1
LE19,Leicestershire,Group 2
BD15,West Yorkshire,Group 1
CA25,Cumbria,Group 1
RM16,Greater London,Group 3
NR29,Norfolk,Group 3
LE4,Leicestershire,Group 2
RH8,Surrey,Group 3
EH20,Midlothian,Group 1
TA9,Somerset,Group 2
BL4,Lancashire,Group 2
PR9,Lancashire,Group 2
ST18,Staffordshire,Group 2
ME13,Kent,Group 3
LS5,West Yorkshire,Group 1
TR6,Cornwall,Group 2
NE63,Northumberland,Group 1
36,Ards,Unallocated
G81,West Dunbartonshire,Group 1
RG17,Berkshire,Group 2
KY4,Fife,Group 1
FY2,Lancashire,Group 1
TN31,East Sussex,Group 3
SE8,Greater London,Group 3
OX39,Oxfordshire,Group 3
S3,South Yorkshire,Group 1
LN7,Lincolnshire,Group 1
LL12,Wrexham,Group 2
PR7,Lancashire,Group 1
EC1N,Greater London,Group 3
CR5,Greater London,Group 3
CM22,Greater London,Group 3
RG22,Hampshire,Group 2
KY99,Fife,Group 1
AB43,Aberdeenshire,Group 1
WR2,Worcestershire,Group 2
TQ14,Devon,Group 2
DT7,Devon,Group 2
25,Ards,Unallocated
SA70,Pembrokeshire,Group 2
CM21,Hertfordshire,Group 3
CB1,Cambridgeshire,Group 3
CF46,Caerphilly,Group 2
G26,Glasgow City,Group 1
BH12,Dorset,Group 2
LA12,Cumbria,Group 1
45,Ards,Unallocated
LL62,Isle of Anglesey,Group 2
SO17,Hampshire,Group 2
EH24,Midlothian,Group 1
KY5,Fife,Group 1
AB14,Aberdeen City,Group 1
BN42,West Sussex,Group 3
CA99,Cumbria,Group 1
TN30,Kent,Group 3
CW1,Cheshire,Group 2
PH14,Perth and Kinross,Group 1
SY18,Powys,Group 2
RG30,Berkshire,Group 2
MK18,Buckinghamshire,Group 3
KT6,Surrey,Group 2
PA35,Argyll and Bute,Group 1
KA16,East Ayrshire,Group 1
SL6,Buckinghamshire,Group 2
NE23,Northumberland,Group 1
B60,Worcestershire,Group 2
CT4,Kent,Group 3
SG8,Cambridgeshire,Group 3
KT20,Surrey,Group 2
TW12,Greater London,Group 3
N9,Greater London,Group 3
NP24,Newport,Group 2
EH40,East Lothian,Group 1
HP12,Buckinghamshire,Group 3
PH2,Perth and Kinross,Group 1
EX34,Devon,Group 2
SA4,Swansea,Group 2
SY21,Shropshire,Group 2
EH9,City of Edinburgh,Group 1
S52,South Yorkshire,Group 1
B46,Warwickshire,Group 2
OX18,Gloucestershire,Group 3
SS2,Greater London,Group 3
SY3,Shropshire,Group 2
PE22,Lincolnshire,Group 1
HP5,Buckinghamshire,Group 3
SS22,Greater London,Group 3
TA22,Devon,Group 2
L38,Merseyside,Group 2
PO18,West Sussex,Group 2
WC2R,Greater London,Group 3
BT55,Coleraine,Unallocated
JE4,Jersey,Unallocated
G33,Glasgow City,Group 1
SR4,Tyne and Wear,Group 1
PH32,Highland,Group 1
11,Ards,Unallocated
NP26,Monmouthshire,Group 2
CV35,Warwickshire,Group 2
B77,Staffordshire,Group 2
L32,Merseyside,Group 2
EH46,Midlothian,Group 1
BT65,Craigavon,Unallocated
LL48,Gwynedd,Group 2
BT93,Fermanagh,Unallocated
N1,Greater London,Group 3
CO16,Greater London,Group 3
CR6,Surrey,Group 3
TA5,Somerset,Group 2
PH4,Perth and Kinross,Group 1
S61,South Yorkshire,Group 1
S78,South Yorkshire,Group 1
B24,West Midlands,Group 2
SE5,Greater London,Group 3
TS13,North Yorkshire,Group 1
WS15,Staffordshire,Group 2
DN55,South Yorkshire,Group 1
SW4,Greater London,Group 3
IV23,Highland,Group 1
CR8,Greater London,Group 3
DA7,Kent,Group 3
JE1,Jersey,Unallocated
OL3,Lancashire,Group 1
RG27,Hampshire,Group 2
LS22,North Yorkshire,Group 1
WV13,West Midlands,Group 2
CF3,Caerphilly,Group 2
SG15,Bedfordshire,Group 3
EX2,Devon,Group 2
BT82,Strabane,Unallocated
NN11,Northamptonshire,Group 2
LE9,Leicestershire,Group 2
BT48,Derry City,Unallocated
EH55,South Lanarkshire,Group 1
CO6,Greater London,Group 3
KT16,Surrey,Group 2
TD15,Northumberland,Group 1
BH3,Dorset,Group 2
BA15,Wiltshire,Group 2
PA30,Argyll and Bute,Group 1
DA18,Kent,Group 3
DN4,South Yorkshire,Group 1
SA41,Pembrokeshire,Group 2
CM9,Greater London,Group 3
S99,South Yorkshire,Group 1
SP10,Hampshire,Group 2
FK6,Falkirk,Group 1
HP22,Buckinghamshire,Group 3
AB51,Aberdeenshire,Group 1
ST10,Staffordshire,Group 2
NN7,Northamptonshire,Group 2
BN23,East Sussex,Group 3
CV34,Warwickshire,Group 2
IP23,Suffolk,Group 3
DG14,Dumfries and Galloway,Group 1
LL78,Isle of Anglesey,Group 2
BH23,Dorset,Group 2
43,Ards,Unallocated
ME3,Kent,Group 3
NG18,Nottinghamshire,Group 1
N22,Greater London,Group 3
DN22,Nottinghamshire,Group 1
WS12,Staffordshire,Group 2
B98,Worcestershire,Group 2
M2,Greater Manchester,Group 2
CF95,Cardiff,Group 2
ST6,Staffordshire,Group 2
EH39,East Lothian,Group 1
GY6,Guernsey,Unallocated
IP26,Norfolk,Group 3
CO1,Greater London,Group 3
SW7,Greater London,Group 3
B44,West Midlands,Group 2
WS4,West Midlands,Group 2
HP14,Buckinghamshire,Group 3
IV36,Moray,Group 1
BA22,Dorset,Group 2
TR27,Cornwall,Group 2
BD4,West Yorkshire,Group 1
PA1,Renfrewshire,Group 1
SK15,Greater Manchester,Group 2
KT19,Surrey,Group 2
TA6,Somerset,Group 2
PE5,Cambridgeshire,Group 1
TQ4,Devon,Group 2
TQ12,Devon,Group 2
WA4,Cheshire,Group 2
TS90,North Yorkshire,Group 1
NW1W,Greater London,Group 3
YO90,North Yorkshire,Group 1
PL22,Cornwall,Group 2
BL78,Lancashire,Group 2
NR6,Norfolk,Group 3
PH22,Highland,Group 1
WF4,West Yorkshire,Group 1
DT2,Dorset,Group 2
M21,Greater Manchester,Group 2
KW13,Highland,Unallocated
HX1,West Yorkshire,Group 1
EH6,City of Edinburgh,Group 1
NP22,Blaenau Gwent,Group 2
HR5,Herefordshire,Group 2
TS25,Durham,Group 1
W6,Greater London,Group 3
N7,Greater London,Group 3
CT11,Kent,Group 3
RH16,West Sussex,Group 3
PA14,Renfrewshire,Group 1
CM2,Greater London,Group 3
G55,Glasgow City,Group 1
SG10,Hertfordshire,Group 3
SL1,Berkshire,Group 2
SK22,Derbyshire,Group 2
SN9,Wiltshire,Group 2
NR27,Norfolk,Group 3
SA68,Pembrokeshire,Group 2
BT10,Belfast,Unallocated
PH43,Highland,Group 1
PA43,Argyll and Bute,Group 1
LS9,West Yorkshire,Group 1
PH33,Highland,Group 1
EH32,Scottish Borders,Group 1
CA9,Cumbria,Group 1
B80,Warwickshire,Group 2
RM11,Greater London,Group 3
KW17,Orkney Islands,Unallocated
SA34,Carmarthenshire,Group 2
DH97,Durham,Group 1
PO12,Hampshire,Group 2
IV44,Highland,Group 1
EX12,Devon,Group 2
IV48,Highland,Group 1
WA88,Cheshire,Group 2
PA38,Argyll and Bute,Group 1
CB11,Greater London,Group 3
GU25,Surrey,Group 2
LS2,West Yorkshire,Group 1
DT5,Dorset,Group 2
DN33,Lincolnshire,Group 1
TQ5,Devon,Group 2
RG7,Berkshire,Group 2
CB24,Cambridgeshire,Group 3
L70,Merseyside,Group 2
IV45,Highland,Group 1
LS99,West Yorkshire,Group 1
DG2,Dumfries and Galloway,Group 1
TS18,Durham,Group 1
TS29,Durham,Group 1
L8,Merseyside,Group 2
BT45,Magherafelt,Unallocated
B33,West Midlands,Group 2
Ashford,,Unallocated
TF11,Shropshire,Group 2
EX37,Devon,Group 2
WD99,Hertfordshire,Group 3
G5,Glasgow City,Group 1
LA8,Cumbria,Group 1
BT53,Ballymoney,Unallocated
PA63,Argyll and Bute,Group 1
EC3N,Greater London,Group 3
RH1,,Group 3
EH27,West Lothian,Group 1
TS6,North Yorkshire,Group 1
GL10,Gloucestershire,Group 2
HU15,East Riding of Yorkshire,Group 1
PA70,Argyll and Bute,Group 1
CF99,Cardiff,Group 2
BT19,North Down,Unallocated
IP20,Norfolk,Group 3
S65,South Yorkshire,Group 1
G62,East Dunbartonshire,Group 1
B5,West Midlands,Group 2
DN41,Lincolnshire,Group 1
CW5,Cheshire,Group 2
EX33,Devon,Group 2
AB25,Aberdeen City,Group 1
HU5,East Riding of Yorkshire,Group 1
PH3,Perth and Kinross,Group 1
NG9,Nottinghamshire,Group 1
LD7,Shropshire,Group 2
RM3,Greater London,Group 3
HR3,Herefordshire,Group 2
DD5,Angus,Group 1
LE41,Leicestershire,Group 2
EC1Y,Greater London,Group 3
AB45,Aberdeenshire,Group 1
RG42,Berkshire,Group 2
EX21,Devon,Group 2
CA5,Cumbria,Group 1
EX10,Devon,Group 2
GL16,Gloucestershire,Group 2
SA18,Carmarthenshire,Group 2
RH9,Surrey,Group 3
KY2,Fife,Group 1
PA5,Renfrewshire,Group 1
L11,Merseyside,Group 2
LL57,Gwynedd,Group 2
B3,West Midlands,Group 2
L12,Merseyside,Group 2
BA21,Somerset,Group 2
PO30,Isle of Wight,Group 2
BT60,Armagh,Unallocated
GU7,Surrey,Group 2
OL13,Lancashire,Group 1
BS10,City of Bristol,Group 2
NP,,Group 2
SW99,Greater London,Group 3
SE18,Greater London,Group 3
NE64,Northumberland,Group 1
LL56,Gwynedd,Group 2
GL20,Gloucestershire,Group 2
GL52,Gloucestershire,Group 2
AB99,Aberdeen City,Group 1
HA7,Greater London,Group 3
CB6,Cambridgeshire,Group 3
BN25,East Sussex,Group 3
SY25,Ceredigion,Group 2
GU3,Surrey,Group 2
NP19,Newport,Group 2
DY7,Staffordshire,Group 2
TF3,Shropshire,Group 2
IV53,Highland,Group 1
L67,Merseyside,Group 2
L3,Merseyside,Group 2
BB9,Lancashire,Group 1
TS8,North Yorkshire,Group 1
TW20,Surrey,Group 3
BT9,Belfast,Unallocated
LS23,West Yorkshire,Group 1
CR0,Greater London,Group 3
CO13,Greater London,Group 3
HA9,Greater London,Group 3
TR22,Cornwall,Group 2
E18,Greater London,Group 3
M26,Greater Manchester,Group 2
BN24,East Sussex,Group 3
NE32,Tyne and Wear,Group 1
CH7,Denbighshire,Group 2
IM9,NULL,Unallocated
CB10,Cambridgeshire,Group 3
SO50,Hampshire,Group 2
OL12,Lancashire,Group 1
PH49,Highland,Group 1
WR15,Herefordshire,Group 2
S44,Derbyshire,Group 1
W1K,Greater London,Group 3
TD5,Scottish Borders,Group 1
SE14,Greater London,Group 3
BR4,Kent,Group 3
CM11,Greater London,Group 3
G53,Glasgow City,Group 1
KA7,South Ayrshire,Group 1
DL4,Durham,Group 1
31,Ards,Unallocated
N5,Greater London,Group 3
LD5,Powys,Group 2
SW14,Greater London,Group 3
KW1,Highland,Unallocated
ST13,Staffordshire,Group 2
PO35,Isle of Wight,Group 2
DN21,Lincolnshire,Group 1
SA3,Swansea,Group 2
NE6,Tyne and Wear,Group 1
BS31,Somerset,Group 2
SO41,Hampshire,Group 2
NP8,Monmouthshire,Group 2
LL47,Gwynedd,Group 2
WD7,Hertfordshire,Group 3
SS0,Greater London,Group 3
OX11,Oxfordshire,Group 3
S31,South Yorkshire,Group 1
EX7,Devon,Group 2
SY13,Cheshire,Group 2
DE12,Derbyshire,Group 1
LL69,Isle of Anglesey,Group 2
SO22,Hampshire,Group 2
DL7,North Yorkshire,Group 1
GL18,Gloucestershire,Group 2
RH7,Surrey,Group 3
DT8,Dorset,Group 2
WD19,Hertfordshire,Group 3
WR6,Herefordshire,Group 2
G50,Glasgow City,Group 1
M4,Greater Manchester,Group 2
L71,Merseyside,Group 2
CW9,Cheshire,Group 2
SM4,Greater London,Group 3
W1B,Greater London,Group 3
PL17,Cornwall,Group 2
LU1,Bedfordshire,Group 3
DN19,Lincolnshire,Group 1
M50,Greater Manchester,Group 2
BS29,Somerset,Group 2
HS9,Eilean Siar,Unallocated
LL30,Conwy,Group 2
TD10,Scottish Borders,Group 1
SO14,Hampshire,Group 2
PL1,Devon,Group 2
IG10,Greater London,Group 3
TN38,East Sussex,Group 3
BD98,West Yorkshire,Group 1
LL22,Conwy,Group 2
SW18,Greater London,Group 3
TW9,Greater London,Group 3
SO32,Hampshire,Group 2
BS15,Gloucestershire,Group 2
G20,Glasgow City,Group 1
DG3,Dumfries and Galloway,Group 1
GU32,Hampshire,Group 2
TN13,Kent,Group 3
LL45,Gwynedd,Group 2
L26,Merseyside,Group 2
ka71,Glasgow City,Group 1
13,Ards,Unallocated
HU17,East Riding of Yorkshire,Group 1
NE68,Northumberland,Group 1
DT10,Dorset,Group 2
IG5,Greater London,Group 3
DH8,Durham,Group 1
KA30,North Ayrshire,Group 1
SE27,Greater London,Group 3
UB3,Greater London,Group 3
PL23,Cornwall,Group 2
MK14,Buckinghamshire,Group 3
L16,Merseyside,Group 2
CF32,Bridgend,Group 2
LD4,Powys,Group 2
LE10,Leicestershire,Group 2
G74,South Lanarkshire,Group 1
SN8,Wiltshire,Group 2
OX49,Oxfordshire,Group 3
PE31,Norfolk,Group 1
TN40,East Sussex,Group 3
NE26,Northumberland,Group 1
B92,West Midlands,Group 2
EN11,Greater London,Group 3
S66,South Yorkshire,Group 1
LL39,Gwynedd,Group 2
GU10,Hampshire,Group 2
TN21,East Sussex,Group 3
NG8,Nottinghamshire,Group 1
DT1,Dorset,Group 2
LL60,Isle of Anglesey,Group 2
G22,Glasgow City,Group 1
FY3,Lancashire,Group 1
IP28,Suffolk,Group 3
M25,Lancashire,Group 2
RM9,Greater London,Group 3
PL34,Cornwall,Group 2
PE3,Cambridgeshire,Group 1
GU33,Hampshire,Group 2
NP18,Monmouthshire,Group 2
GU18,Surrey,Group 2
RH2,Surrey,Group 3
M13,Greater Manchester,Group 2
M14,Greater Manchester,Group 2
PH26,Highland,Group 1
SY8,Herefordshire,Group 2
CV36,Warwickshire,Group 2
M46,Greater Manchester,Group 2
OL1,Lancashire,Group 1
LL38,Gwynedd,Group 2
WN4,Lancashire,Group 2
GU6,Surrey,Group 2
S55,South Yorkshire,Group 1
FK2,Falkirk,Group 1
DY8,West Midlands,Group 2
LL27,Conwy,Group 2
SG4,Hertfordshire,Group 3
PH30,Highland,Group 1
LL31,Conwy,Group 2
PH1,Perth and Kinross,Group 1
SN16,Wiltshire,Group 2
OX16,Oxfordshire,Group 3
LA20,Cumbria,Group 1
BA6,Somerset,Group 2
53,Ards,Unallocated
IP6,Suffolk,Group 3
N15,Greater London,Group 3
WF12,West Yorkshire,Group 1
NG32,Leicestershire,Group 1
AB32,Aberdeenshire,Group 1
RH18,East Sussex,Group 3
S75,South Yorkshire,Group 1
DD2,Dundee City,Group 1
NE45,Northumberland,Group 1
FY6,Lancashire,Group 1
IV14,Highland,Group 1
CH60,Merseyside,Group 2
SW15,Greater London,Group 3
IG2,Greater London,Group 3
DH9,Durham,Group 1
EH5,City of Edinburgh,Group 1
EC4Y,Greater London,Group 3
PH20,Highland,Group 1
SW6,Greater London,Group 3
HU10,East Riding of Yorkshire,Group 1
EH45,Scottish Borders,Group 1
IV32,Moray,Group 1
NG6,Nottinghamshire,Group 1
CH34,Cheshire,Group 2
TW10,Surrey,Group 3
WA10,Merseyside,Group 2
S67,South Yorkshire,Group 1
CH4,Cheshire,Group 2
S57,South Yorkshire,Group 1
BH2,Dorset,Group 2
PO22,West Sussex,Group 2
LS3,West Yorkshire,Group 1
PE8,Cambridgeshire,Group 1
ST2,Staffordshire,Group 2
OL5,Greater Manchester,Group 1
ST19,Staffordshire,Group 2
SY16,Powys,Group 2
NE2,Tyne and Wear,Group 1
N21,Greater London,Group 3
B4,West Midlands,Group 2
CH61,Merseyside,Group 2
FK16,Stirling,Group 1
B2,West Midlands,Group 2
JE3,Jersey,Unallocated
DH99,Durham,Group 1
PA8,Renfrewshire,Group 1
LL73,Isle of Anglesey,Group 2
SO16,Hampshire,Group 2
NE15,Northumberland,Group 1
S35,South Yorkshire,Group 1
G24,Glasgow City,Group 1
DY13,Worcestershire,Group 2
G2,Glasgow City,Group 1
NE5,Tyne and Wear,Group 1
BD11,West Yorkshire,Group 1
NG80,Nottinghamshire,Group 1
L17,Merseyside,Group 2
BN9,East Sussex,Group 3
MK13,Buckinghamshire,Group 3
WS2,West Midlands,Group 2
WV15,Shropshire,Group 2
SG3,Hertfordshire,Group 3
M22,Greater Manchester,Group 2
NE21,Tyne and Wear,Group 1
PA41,Argyll and Bute,Group 1
ML7,North Lanarkshire,Group 1
NW10,Greater London,Group 3
IV49,Highland,Group 1
PE27,Cambridgeshire,Group 1
NN6,Northamptonshire,Group 2
PA69,Argyll and Bute,Group 1
BS27,Somerset,Group 2
SE6,Greater London,Group 3
KA27,North Ayrshire,Group 1
IP12,Suffolk,Group 3
SG9,Hertfordshire,Group 3
S70,South Yorkshire,Group 1
CF33,Bridgend,Group 2
DL1,Durham,Group 1
ML11,South Lanarkshire,Group 1
LL35,Gwynedd,Group 2
TW1,Greater London,Group 3
NE70,Northumberland,Group 1
TA10,Somerset,Group 2
LL19,Denbighshire,Group 2
KA25,North Ayrshire,Group 1
LL25,Conwy,Group 2
IP22,Norfolk,Group 3
CT8,Kent,Group 3
WA9,Merseyside,Group 2
BN2,East Sussex,Group 3
Scottish Borders,Scottish Borders,Unallocated
SE19,Greater London,Group 3
NN3,Northamptonshire,Group 2
IV31,Moray,Group 1
NG2,Nottinghamshire,Group 1
WR4,Worcestershire,Group 2
RH19,East Sussex,Group 3
CF45,"Rhondda, Cynon, Taff",Group 2
EH15,City of Edinburgh,Group 1
BT58,Newtownabbey,Unallocated
SA69,Pembrokeshire,Group 2
TW2,Greater London,Group 3
HX2,West Yorkshire,Group 1
IM99,NULL,Unallocated
DE4,Derbyshire,Group 1
B31,West Midlands,Group 2
B30,West Midlands,Group 2
PA6,Renfrewshire,Group 1
WV2,West Midlands,Group 2
KY16,Fife,Group 1
PA10,Renfrewshire,Group 1
CM17,Greater London,Group 3
HG1,North Yorkshire,Group 1
DE74,Leicestershire,Group 1
CH62,Merseyside,Group 2
W7,Greater London,Group 3
WV9,West Midlands,Group 2
L7,Merseyside,Group 2
BA7,Somerset,Group 2
BS28,Somerset,Group 2
BT51,Coleraine,Unallocated
GU29,West Sussex,Group 2
LE6,Leicestershire,Group 2
OX3,Oxfordshire,Group 3
G83,Glasgow City,Group 1
DH1,Durham,Group 1
PE26,Cambridgeshire,Group 1
S39,South Yorkshire,Group 1
SK1,Cheshire,Group 2
EH41,East Lothian,Group 1
PA9,Renfrewshire,Group 1
BB4,Lancashire,Group 1
NR99,Norfolk,Group 3
CM18,Greater London,Group 3
DL8,North Yorkshire,Group 1
PA76,Argyll and Bute,Group 1
IV56,Highland,Group 1
39,Ards,Unallocated
S77,South Yorkshire,Group 1
LL58,Isle of Anglesey,Group 2
DN2,South Yorkshire,Group 1
LE95,Leicestershire,Group 2
DL6,North Yorkshire,Group 1
DG10,Dumfries and Galloway,Group 1
G71,Glasgow City,Group 1
OX20,Oxfordshire,Group 3
ME2,Kent,Group 3
57,Ards,Unallocated
GL12,Gloucestershire,Group 2
EH35,East Lothian,Group 1
KT3,Surrey,Group 2
S8,South Yorkshire,Group 1
SE13,Greater London,Group 3
WS11,Staffordshire,Group 2
LS20,West Yorkshire,Group 1
IV2,Highland,Group 1
L25,Merseyside,Group 2
AL9,Hertfordshire,Group 2
LN2,Lincolnshire,Group 1
NR14,Norfolk,Group 3
BH10,Dorset,Group 2
N6,Greater London,Group 3
BB18,Lancashire,Group 1
BT78,Omagh,Unallocated
BD17,West Yorkshire,Group 1
LE14,Leicestershire,Group 2
ST17,Staffordshire,Group 2
NG4,Nottinghamshire,Group 1
BS98,City of Bristol,Group 2
TN8,Kent,Group 3
DY3,Staffordshire,Group 2
NR35,Norfolk,Group 3
SS1,Greater London,Group 3
NR4,Norfolk,Group 3
BN13,West Sussex,Group 3
TR23,Cornwall,Group 2
BA10,Somerset,Group 2
BN21,East Sussex,Group 3
CF30,"Rhondda, Cynon, Taff",Group 2
KT12,Surrey,Group 2
WV11,West Midlands,Group 2
PL28,Cornwall,Group 2
LL33,Gwynedd,Group 2
CW10,Cheshire,Group 2
AL5,Hertfordshire,Group 2
B79,Staffordshire,Group 2
HU8,East Riding of Yorkshire,Group 1
BS11,City of Bristol,Group 2
CA18,Cumbria,Group 1
PH18,Perth and Kinross,Group 1
KT7,Surrey,Group 2
LS6,West Yorkshire,Group 1
WD18,Hertfordshire,Group 3
DL17,Durham,Group 1
GL6,Gloucestershire,Group 2
HS6,Eilean Siar,Unallocated
S13,South Yorkshire,Group 1
BB1,Lancashire,Group 1
DE15,Derbyshire,Group 1
CV22,Warwickshire,Group 2
SA8,Neath Port Talbot,Group 2
WF9,West Yorkshire,Group 1
N11,Greater London,Group 3
ML8,South Lanarkshire,Group 1
LE94,Leicestershire,Group 2
WV4,Staffordshire,Group 2
L22,Merseyside,Group 2
BT79,Omagh,Unallocated
G46,Glasgow City,Group 1
CW4,Cheshire,Group 2
CB4,Cambridgeshire,Group 3
BT63,Banbridge,Unallocated
TS21,Durham,Group 1
EH31,East Lothian,Group 1
CB7,Cambridgeshire,Group 3
CF44,Powys,Group 2
CR2,Greater London,Group 3
EC2R,Greater London,Group 3
RG18,Berkshire,Group 2
OX26,Oxfordshire,Group 3
AB33,Aberdeenshire,Group 1
BT36,Newtownabbey,Unallocated
LL13,Wrexham,Group 2
CH48,Merseyside,Group 2
YO1,North Yorkshire,Group 1
BN7,East Sussex,Group 3
SR6,Tyne and Wear,Group 1
BD14,West Yorkshire,Group 1
NE38,Durham,Group 1
PR1,Lancashire,Group 1
ST9,Staffordshire,Group 2
CO7,Greater London,Group 3
E1W,Greater London,Group 3
FY0,Lancashire,Group 1
E8,Greater London,Group 3
IV1,Highland,Group 1
S69,South Yorkshire,Group 1
DE55,Derbyshire,Group 1
dg,,Group 1
CV11,Warwickshire,Group 2
PA22,Argyll and Bute,Group 1
S7,South Yorkshire,Group 1
DL16,Durham,Group 1
ZE3,Shetland Islands,Unallocated
IV18,Highland,Group 1
G7,Glasgow City,Group 1
SK14,Greater Manchester,Group 2
DT6,Dorset,Group 2
PA78,Argyll and Bute,Group 1
RH13,West Sussex,Group 3
IV13,Highland,Group 1
EN9,Greater London,Group 3
LN6,Lincolnshire,Group 1
WR7,Worcestershire,Group 2
BN17,West Sussex,Group 3
NG21,Nottinghamshire,Group 1
KA11,North Ayrshire,Group 1
L18,Merseyside,Group 2
BD13,West Yorkshire,Group 1
WF2,West Yorkshire,Group 1
42,Ards,Unallocated
DH3,Durham,Group 1
IV10,Highland,Group 1
MK41,Buckinghamshire,Group 3
B74,Staffordshire,Group 2
GL8,Gloucestershire,Group 2
SK12,Cheshire,Group 2
LN4,Lincolnshire,Group 1
WR78,Worcestershire,Group 2
DG16,Cumbria,Group 1
NE49,Northumberland,Group 1
G|U5,,Group 1
B13,West Midlands,Group 2
DE23,Derbyshire,Group 1
LE1,Leicestershire,Group 2
CV9,Leicestershire,Group 2
OL95,Lancashire,Group 1
TR1,Cornwall,Group 2
S63,South Yorkshire,Group 1
TR16,Cornwall,Group 2
BD22,West Yorkshire,Group 1
AL4,Hertfordshire,Group 2
IV47,Highland,Group 1
EX5,Devon,Group 2
CM98,Greater London,Group 3
DT9,Dorset,Group 2
CF31,Bridgend,Group 2
S11,South Yorkshire,Group 1
L5,Merseyside,Group 2
CH31,Merseyside,Group 2
CM8,Greater London,Group 3
S76,South Yorkshire,Group 1
PA72,Argyll and Bute,Group 1
MK8,Buckinghamshire,Group 3
WF13,West Yorkshire,Group 1
TR3,Cornwall,Group 2
G70,Glasgow City,Group 1
YO51,North Yorkshire,Group 1
SR1,Tyne and Wear,Group 1
KY6,Fife,Group 1
SL5,Berkshire,Group 2
HP4,Buckinghamshire,Group 3
HU2,East Riding of Yorkshire,Group 1
G23,Glasgow City,Group 1
AB35,Aberdeenshire,Group 1
WC1H,Greater London,Group 3
IV54,Highland,Group 1
EH28,City of Edinburgh,Group 1
NG33,Leicestershire,Group 1
204,Aberdeen City,Group 1
L69,Merseyside,Group 2
DL12,Durham,Group 1
CM13,Greater London,Group 3
HR2,Herefordshire,Group 2
HP7,Buckinghamshire,Group 3
BN8,East Sussex,Group 3
YO18,North Yorkshire,Group 1
BA20,Somerset,Group 2
DD3,Dundee City,Group 1
HS5,Eilean Siar,Unallocated
BS3,City of Bristol,Group 2
WC2B,Greater London,Group 3
HA5,Greater London,Group 3
TW3,Greater London,Group 3
NE41,Northumberland,Group 1
G25,Glasgow City,Group 1
SM2,Greater London,Group 3
LA19,Cumbria,Group 1
CB9,Greater London,Group 3
BS6,City of Bristol,Group 2
WS7,Staffordshire,Group 2
BT33,Newry and Mourne,Unallocated
EH44,Scottish Borders,Group 1
NW26,Greater London,Group 3
WD24,Hertfordshire,Group 3
LU3,Bedfordshire,Group 3
LL67,Isle of Anglesey,Group 2
RH6,Surrey,Group 3
PH13,Perth and Kinross,Group 1
WD6,Hertfordshire,Group 3
BA5,Somerset,Group 2
RM2,Greater London,Group 3
DA11,Kent,Group 3
SP5,Dorset,Group 2
DL9,North Yorkshire,Group 1
S73,South Yorkshire,Group 1
RH15,West Sussex,Group 3
EX23,Cornwall,Group 2
TN25,Kent,Group 3
EX18,Devon,Group 2
EH33,East Lothian,Group 1
TR93,Cornwall,Group 2
L68,Merseyside,Group 2
EX20,Devon,Group 2
M1,Greater Manchester,Group 2
NE69,Northumberland,Group 1
TD14,Scottish Borders,Group 1
LA14,Cumbria,Group 1
SN13,Wiltshire,Group 2
SL9,Buckinghamshire,Group 2
M33,Greater Manchester,Group 2
EH36,East Lothian,Group 1
FK18,Stirling,Group 1
SS4,Greater London,Group 3
E9,Greater London,Group 3
SW16,Greater London,Group 3
B65,West Midlands,Group 2
HX3,West Yorkshire,Group 1
DL15,Durham,Group 1
PO31,Isle of Wight,Group 2
BS5,City of Bristol,Group 2
ST14,Staffordshire,Group 2
WS9,West Midlands,Group 2
DL5,Durham,Group 1
EX17,Devon,Group 2
PO3,Hampshire,Group 2
BD5,West Yorkshire,Group 1
MK9,Buckinghamshire,Group 3
RH3,Surrey,Group 3
RH11,West Sussex,Group 3
E6,Greater London,Group 3
TF10,Shropshire,Group 2
BN52,East Sussex,Group 3
CO5,Greater London,Group 3
UB18,Greater London,Group 3
PL35,Cornwall,Group 2
B37,West Midlands,Group 2
KW16,Orkney Islands,Unallocated
PO10,West Sussex,Group 2
KA17,East Ayrshire,Group 1
PO15,Hampshire,Group 2
TA21,Devon,Group 2
BR5,Kent,Group 3
PO8,Hampshire,Group 2
BD19,West Yorkshire,Group 1
PH6,Perth and Kinross,Group 1
CM20,Greater London,Group 3
CF39,Bridgend,Group 2
YO15,East Riding of Yorkshire,Group 1
BH15,Dorset,Group 2
TR14,Cornwall,Group 2
GU47,Hampshire,Group 2
GL17,Gloucestershire,Group 2
S81,Nottinghamshire,Group 1
ML10,South Lanarkshire,Group 1
CA28,Cumbria,Group 1
LE17,Leicestershire,Group 2
CV6,Warwickshire,Group 2
KA23,North Ayrshire,Group 1
LS29,North Yorkshire,Group 1
GU23,Surrey,Group 2
GU31,Hampshire,Group 2
E5,Greater London,Group 3
CW98,Cheshire,Group 2
MK5,Buckinghamshire,Group 3
CH65,Cheshire,Group 2
GL15,Gloucestershire,Group 2
TN33,East Sussex,Group 3
SA12,Neath Port Talbot,Group 2
EH19,Midlothian,Group 1
CF5,Cardiff,Group 2
NR21,Norfolk,Group 3
BT77,Dungannon,Unallocated
LE3,Leicestershire,Group 2
BD7,West Yorkshire,Group 1
B25,West Midlands,Group 2
CR4,Greater London,Group 3
EC1R,Greater London,Group 3
TW6,Greater London,Group 3
CA14,Cumbria,Group 1
NN15,Northamptonshire,Group 2
G18,Glasgow City,Group 1
30,Ards,Unallocated
CA6,Cumbria,Group 1
IP3,Suffolk,Group 3
BT28,Lisburn,Unallocated
WR99,Worcestershire,Group 2
BT18,North Down,Unallocated
PL21,Devon,Group 2
S47,South Yorkshire,Group 1
LD8,Herefordshire,Group 2
TR10,Cornwall,Group 2
LE5,Leicestershire,Group 2
NE43,Northumberland,Group 1
GU17,Hampshire,Group 2
GY2,Guernsey,Unallocated
IV19,Highland,Group 1
HX7,West Yorkshire,Group 1
TN16,Kent,Group 3
OL6,Lancashire,Group 1
SW10,Greater London,Group 3
PO37,Isle of Wight,Group 2
IV6,Highland,Group 1
TN1,Kent,Group 3
DN36,Lincolnshire,Group 1
G64,East Dunbartonshire,Group 1
BA12,Wiltshire,Group 2
GY1,Guernsey,Unallocated
SE3,Greater London,Group 3
DD6,Fife,Group 1
CH45,Merseyside,Group 2
26,Ards,Unallocated
NR28,Norfolk,Group 3
W13,Greater London,Group 3
N3,Greater London,Group 3
EN5,Greater London,Group 3
BD99,West Yorkshire,Group 1
RG14,Berkshire,Group 2
BT62,Craigavon,Unallocated
HP19,Buckinghamshire,Group 3
BT49,Limavady,Unallocated
IV3,Highland,Group 1
SY99,Shropshire,Group 2
CW8,Cheshire,Group 2
KA2,North Ayrshire,Group 1
DN17,Lincolnshire,Group 1
LE65,Leicestershire,Group 2
EH51,Falkirk,Group 1
BA14,Wiltshire,Group 2
IG9,Greater London,Group 3
W1A,Greater London,Group 3
BS8,City of Bristol,Group 2
TW15,Greater London,Group 3
SG1,Hertfordshire,Group 3
S37,South Yorkshire,Group 1
WC1R,Greater London,Group 3
SE1,Greater London,Group 3
N4,Greater London,Group 3
TS7,North Yorkshire,Group 1
TN24,Kent,Group 3
SL2,Buckinghamshire,Group 2
B62,West Midlands,Group 2
SR8,Durham,Group 1
NE83,Tyne and Wear,Group 1
M11,Greater Manchester,Group 2
HP23,Buckinghamshire,Group 3
PA36,Argyll and Bute,Group 1
NE71,Northumberland,Group 1
E14,Greater London,Group 3
PL2,Devon,Group 2
DH5,Durham,Group 1
NE16,Durham,Group 1
SW1X,Greater London,Group 3
PE23,Lincolnshire,Group 1
NE62,Northumberland,Group 1
DN11,South Yorkshire,Group 1
WC2E,Greater London,Group 3
AB11,Aberdeen City,Group 1
M29,Greater Manchester,Group 2
CV12,Warwickshire,Group 2
SK10,Cheshire,Group 2
PL11,Cornwall,Group 2
TA2,Somerset,Group 2
LE2,Leicestershire,Group 2
LN5,Lincolnshire,Group 1
PA49,Argyll and Bute,Group 1
TW15 3PP,,Group 3
PR2,Lancashire,Group 1
CA13,Cumbria,Group 1
NR1,Norfolk,Group 3
TS12,North Yorkshire,Group 1
S54,South Yorkshire,Group 1
SP6,Dorset,Group 2
EN4,Greater London,Group 3
SW19,Greater London,Group 3
BN5,West Sussex,Group 3
BS26,Somerset,Group 2
YO25,East Riding of Yorkshire,Group 1
W4,Greater London,Group 3
ST20,Staffordshire,Group 2
AB56,Moray,Group 1
RM10,Greater London,Group 3
GL19,Gloucestershire,Group 2
TN3,East Sussex,Group 3
ME14,Kent,Group 3
35,Ards,Unallocated
B16,West Midlands,Group 2
NE19,Northumberland,Group 1
SA2,Swansea,Group 2
WR1,,Group 2
SS16,Greater London,Group 3
IV52,Highland,Group 1
NG12,Nottinghamshire,Group 1
HP2,Hertfordshire,Group 3
BS36,Gloucestershire,Group 2
CH44,Merseyside,Group 2
KA12,North Ayrshire,Group 1
B27,West Midlands,Group 2
HG5,North Yorkshire,Group 1
HU9,East Riding of Yorkshire,Group 1
PO36,Isle of Wight,Group 2
S96,South Yorkshire,Group 1
CA3,Cumbria,Group 1
MK43,Buckinghamshire,Group 3
BT67,Craigavon,Unallocated
BR2,Kent,Group 3
NG22,Nottinghamshire,Group 1
SA13,Neath Port Talbot,Group 2
KW2,Highland,Unallocated
HR4,Herefordshire,Group 2
SS5,Greater London,Group 3
BB5,,Group 1
SN14,Gloucestershire,Group 2
TA18,Dorset,Group 2
UB9,Buckinghamshire,Group 3
TQ10,Devon,Group 2
PA47,Argyll and Bute,Group 1
SA48,Carmarthenshire,Group 2
WN8,Lancashire,Group 2
NW3,Greater London,Group 3
AL8,Hertfordshire,Group 2
TR25,Cornwall,Group 2
SO30,Hampshire,Group 2
CF48,Caerphilly,Group 2
TS15,North Yorkshire,Group 1
RG24,Hampshire,Group 2
FK7,Falkirk,Group 1
BH20,Dorset,Group 2
SG12,Hertfordshire,Group 3
TR2,Cornwall,Group 2
LN8,Lincolnshire,Group 1
LA5,Lancashire,Group 1
EX38,Devon,Group 2
PL3,Devon,Group 2
L10,Merseyside,Group 2
M18,Greater Manchester,Group 2
HP8,Hertfordshire,Group 3
PR26,Lancashire,Group 1
TN15,Kent,Group 3
TS23,Durham,Group 1
HS3,Eilean Siar,Unallocated
SS99,Greater London,Group 3
TR8,Cornwall,Group 2
IG8,Greater London,Group 3
9,,Unallocated
PO32,Isle of Wight,Group 2
S71,South Yorkshire,Group 1
B9,West Midlands,Group 2
OX10,Oxfordshire,Group 3
PO33,Isle of Wight,Group 2
TF1,Shropshire,Group 2
SG18,Bedfordshire,Group 3
CW11,Cheshire,Group 2
NR11,Norfolk,Group 3
BD3,West Yorkshire,Group 1
S28,South Yorkshire,Group 1
YO19,North Yorkshire,Group 1
KW6,Highland,Unallocated
RM13,Greater London,Group 3
PA62,Argyll and Bute,Group 1
BS22,Somerset,Group 2
BA11,Somerset,Group 2
SN38,Wiltshire,Group 2
IM7,NULL,Unallocated
DN9,Lincolnshire,Group 1
SW12,Greater London,Group 3
DY6,West Midlands,Group 2
LE67,Leicestershire,Group 2
BT92,Fermanagh,Unallocated
S26,South Yorkshire,Group 1
SE25,Greater London,Group 3
RM6,Greater London,Group 3
OL8,Lancashire,Group 1
BT2,Belfast,Unallocated
WR8,Worcestershire,Group 2
EC4A,Greater London,Group 3
G43,Glasgow City,Group 1
NW2,Greater London,Group 3
CH46,Merseyside,Group 2
TS19,Durham,Group 1
IP31,Suffolk,Group 3
CF38,"Rhondda, Cynon, Taff",Group 2
BN22,East Sussex,Group 3
M32,Cheshire,Group 2
DN8,Lincolnshire,Group 1
48,Ards,Unallocated
SK23,Derbyshire,Group 2
TD2,Scottish Borders,Group 1
G37,Glasgow City,Group 1
LU2,Bedfordshire,Group 3
HA3,Greater London,Group 3
SA37,Carmarthenshire,Group 2
CV8,Warwickshire,Group 2
S16,South Yorkshire,Group 1
HA2,Greater London,Group 3
SA71,Pembrokeshire,Group 2
EX39,Devon,Group 2
G40,Glasgow City,Group 1
EC4M,Greater London,Group 3
BT7,Belfast,Unallocated
GU14,Hampshire,Group 2
SR3,Tyne and Wear,Group 1
KY15,Fife,Group 1
RH17,East Sussex,Group 3
AL2,Hertfordshire,Group 2
LL75,Isle of Anglesey,Group 2
NE46,Northumberland,Group 1
PL14,Cornwall,Group 2
EN8,Greater London,Group 3
S49,Derbyshire,Group 1
38,Ards,Unallocated
SA1,Swansea,Group 2
KA4,East Ayrshire,Group 1
EC4P,Greater London,Group 3
KT17,Greater London,Group 2
CM7,Greater London,Group 3
PA31,Argyll and Bute,Group 1
PL12,Cornwall,Group 2
LN1,Lincolnshire,Group 1
NR13,Norfolk,Group 3
54,Ards,Unallocated
GY5,Guernsey,Unallocated
HP3,Hertfordshire,Group 3
BB10,Lancashire,Group 1
PE19,Bedfordshire,Group 1
SY11,Shropshire,Group 2
S97,South Yorkshire,Group 1
GU19,Surrey,Group 2
EC3M,Greater London,Group 3
BS20,Somerset,Group 2
RM4,Greater London,Group 3
B78,Staffordshire,Group 2
NW6,Greater London,Group 3
LL49,Gwynedd,Group 2
TW4,Greater London,Group 3
PO11,Hampshire,Group 2
M99,Greater Manchester,Group 2
TA8,Somerset,Group 2
G29,Glasgow City,Group 1
WA16,Cheshire,Group 2
TR26,Cornwall,Group 2
G48,Glasgow City,Group 1
AL3,Hertfordshire,Group 2
DE11,Derbyshire,Group 1
BT4,Belfast,Unallocated
SL3,Buckinghamshire,Group 2
S45,Derbyshire,Group 1
CF61,The Vale of Glamorgan,Group 2
WN6,Lancashire,Group 2
B12,West Midlands,Group 2
KT14,Surrey,Group 2
BR6,Kent,Group 3
AB38,Moray,Group 1
TA19,Somerset,Group 2
LA9,Cumbria,Group 1
CT21,Kent,Group 3
NR16,Norfolk,Group 3
SO97,Hampshire,Group 2
BN11,West Sussex,Group 3
LL77,Isle of Anglesey,Group 2
LS26,West Yorkshire,Group 1
AB55,Moray,Group 1
WR5,Worcestershire,Group 2
EX15,Devon,Group 2
L31,Lancashire,Group 2
SA36,Pembrokeshire,Group 2
SP4,Wiltshire,Group 2
NP12,Caerphilly,Group 2
PO5,Hampshire,Group 2
PL15,Cornwall,Group 2
DL14,Durham,Group 1
CA7,Cumbria,Group 1
SN11,Wiltshire,Group 2
TN18,Kent,Group 3
IV26,Highland,Group 1
SA15,Carmarthenshire,Group 2
HU19,East Riding of Yorkshire,Group 1
EN13,Greater London,Group 3
N20,Greater London,Group 3
SA72,Pembrokeshire,Group 2
CW6,Cheshire,Group 2
NE9,Tyne and Wear,Group 1
BB94,Lancashire,Group 1
HD6,West Yorkshire,Group 1
PA66,Argyll and Bute,Group 1
DY2,West Midlands,Group 2
SN7,Oxfordshire,Group 2
RH77,West Sussex,Group 3
KA24,North Ayrshire,Group 1
BH21,Dorset,Group 2
IM6,NULL,Unallocated
s15,South Yorkshire,Group 1
DL3,Durham,Group 1
ME19,Kent,Group 3
PA77,Argyll and Bute,Group 1
CR7,Surrey,Group 3
EH22,Scottish Borders,Group 1
YO16,East Riding of Yorkshire,Group 1
SS3,Greater London,Group 3
BA16,Somerset,Group 2
N1P,Greater London,Group 3
BB11,Lancashire,Group 1
G61,East Dunbartonshire,Group 1
DE21,Derbyshire,Group 1
BN14,West Sussex,Group 3
M44,Greater Manchester,Group 2
TS24,Durham,Group 1
NG3,Nottinghamshire,Group 1
HG4,North Yorkshire,Group 1
EH3,City of Edinburgh,Group 1
SA39,Carmarthenshire,Group 2
CT9,Kent,Group 3
IP10,Suffolk,Group 3
EC50,Greater London,Group 3
CH43,Merseyside,Group 2
LS17,North Yorkshire,Group 1
DE6,Derbyshire,Group 1
BN18,West Sussex,Group 3
TF7,Shropshire,Group 2
ME11,Kent,Group 3
BN50,East Sussex,Group 3
LA17,Cumbria,Group 1
PH41,Highland,Group 1
DE13,Staffordshire,Group 1
WF3,West Yorkshire,Group 1
AL1,Hertfordshire,Group 2
HP13,Buckinghamshire,Group 3
TA24,Somerset,Group 2
CT3,Kent,Group 3
G1,Glasgow City,Group 1
B18,West Midlands,Group 2
CF36,Bridgend,Group 2
S20,South Yorkshire,Group 1
EH52,West Lothian,Group 1
BS13,City of Bristol,Group 2
SE26,Greater London,Group 3
BT44,Ballymena,Unallocated
L13,Merseyside,Group 2
IP19,Suffolk,Group 3
BL9,Lancashire,Group 2
GU22,Surrey,Group 2
LL52,Gwynedd,Group 2
TN17,Kent,Group 3
ZE2,Shetland Islands,Unallocated
PA4,Renfrewshire,Group 1
W1S,Greater London,Group 3
PE14,Cambridgeshire,Group 1
EH95,City of Edinburgh,Group 1
LA13,Cumbria,Group 1
BS49,Somerset,Group 2
WA15,Cheshire,Group 2
YO21,North Yorkshire,Group 1
SR9,Tyne and Wear,Group 1
NP25,Herefordshire,Group 2
B29,West Midlands,Group 2
SY24,Ceredigion,Group 2
CA19,Cumbria,Group 1
S4,South Yorkshire,Group 1
HU1,East Riding of Yorkshire,Group 1
PL95,Devon,Group 2
LS27,West Yorkshire,Group 1
SA6,Swansea,Group 2
FK21,Stirling,Group 1
B67,West Midlands,Group 2
PL24,Cornwall,Group 2
GL13,Gloucestershire,Group 2
DN15,Lincolnshire,Group 1
PE29,Cambridgeshire,Group 1
EH18,Midlothian,Group 1
PO38,Isle of Wight,Group 2
DH7,Durham,Group 1
LS98,West Yorkshire,Group 1
PH23,Highland,Group 1
YO17,North Yorkshire,Group 1
DN39,Lincolnshire,Group 1
SA16,Carmarthenshire,Group 2
NE48,Northumberland,Group 1
RM19,Greater London,Group 3
NE40,Tyne and Wear,Group 1
E10,Greater London,Group 3
CA8,Cumbria,Group 1
HG2,North Yorkshire,Group 1
B42,West Midlands,Group 2
EH37,Midlothian,Group 1
WD17,Hertfordshire,Group 3
OX1,Oxfordshire,Group 3
BT6,Castlereagh,Unallocated
CH47,Merseyside,Group 2
LN3,Lincolnshire,Group 1
DD11,Angus,Group 1
TN9,Kent,Group 3
HS2,Eilean Siar,Unallocated
PO6,Hampshire,Group 2
HR1,Herefordshire,Group 2
51,Ards,Unallocated
PH12,Angus,Group 1
HU6,East Riding of Yorkshire,Group 1
IP16,Suffolk,Group 3
SO15,Hampshire,Group 2
DL13,Durham,Group 1
PE25,Lincolnshire,Group 1
CF71,The Vale of Glamorgan,Group 2
NE1,Tyne and Wear,Group 1
HP20,Buckinghamshire,Group 3
BD10,West Yorkshire,Group 1
MK42,Buckinghamshire,Group 3
EX22,Devon,Group 2
SA10,Neath Port Talbot,Group 2
40,Ards,Unallocated
SK2,Cheshire,Group 2
LL17,Denbighshire,Group 2
TN39,East Sussex,Group 3
BT35,Newry and Mourne,Unallocated
CM3,Greater London,Group 3
UB10,Greater London,Group 3
DY1,West Midlands,Group 2
PL9,Devon,Group 2
KT24,Surrey,Group 2
SE11,Greater London,Group 3
CA24,Cumbria,Group 1
MK15,Buckinghamshire,Group 3
IP98,Norfolk,Group 3
BT38,Carrickfergus,Unallocated
G6,Glasgow City,Group 1
SY7,Herefordshire,Group 2
12,Ards,Unallocated
BL3,Lancashire,Group 2
GU15,Surrey,Group 2
B32,West Midlands,Group 2
L29,Merseyside,Group 2
MK44,Buckinghamshire,Group 3
TN10,Kent,Group 3
KA3,East Ayrshire,Group 1
GL3,Gloucestershire,Group 2
CO12,Greater London,Group 3
KA14,North Ayrshire,Group 1
LS18,West Yorkshire,Group 1
KW12,Highland,Unallocated
G13,West Dunbartonshire,Group 1
47,Ards,Unallocated
BD1,West Yorkshire,Group 1
E77,Greater London,Group 3
NE82,Tyne and Wear,Group 1
NG7,Nottinghamshire,Group 1
B97,Worcestershire,Group 2
G65,East Dunbartonshire,Group 1
LN12,Lincolnshire,Group 1
LE13,Leicestershire,Group 2
DA17,Kent,Group 3
WV16,Shropshire,Group 2
BT71,Dungannon,Unallocated
BT81,Strabane,Unallocated
NP44,Torfaen,Group 2
YO32,North Yorkshire,Group 1
TS27,Durham,Group 1
SR7,Durham,Group 1
B99,West Midlands,Group 2
PH10,Perth and Kinross,Group 1
DE3,Derbyshire,Group 1
GY8,Guernsey,Unallocated
LS15,West Yorkshire,Group 1
BT68,Dungannon,Unallocated
CA10,Cumbria,Group 1
TF2,Shropshire,Group 2
N13,Greater London,Group 3
G73,South Lanarkshire,Group 1
WC1A,Greater London,Group 3
G12,Glasgow City,Group 1
SE9,Greater London,Group 3
18,Ards,Unallocated
CF24,Cardiff,Group 2
SK3,Cheshire,Group 2
PH16,Perth and Kinross,Group 1
NE20,Northumberland,Group 1
LL14,Wrexham,Group 2
BH9,Dorset,Group 2
EH48,West Lothian,Group 1
IP30,Suffolk,Group 3
GL4,Gloucestershire,Group 2
LN9,Lincolnshire,Group 1
BD16,West Yorkshire,Group 1
FK11,Clackmannanshire,Group 1
BT41,Antrim,Unallocated
IV25,Highland,Group 1
HD2,West Yorkshire,Group 1
L34,Merseyside,Group 2
WV12,West Midlands,Group 2
HU16,East Riding of Yorkshire,Group 1
HS7,Eilean Siar,Unallocated
ML6,North Lanarkshire,Group 1
CF41,"Rhondda, Cynon, Taff",Group 2
DY11,Worcestershire,Group 2
EH4,City of Edinburgh,Group 1
BA9,Somerset,Group 2
BN16,West Sussex,Group 3
CV23,Warwickshire,Group 2
WV10,Staffordshire,Group 2
BT21,Ards,Unallocated
AB23,Aberdeen City,Group 1
BT3,Belfast,Unallocated
TS16,Durham,Group 1
CA12,Cumbria,Group 1
B20,West Midlands,Group 2
W1T,Greater London,Group 3
20,Ards,Unallocated
PO7,Hampshire,Group 2
NN5,Northamptonshire,Group 2
BD97,West Yorkshire,Group 1
AL10,Hertfordshire,Group 2
NR15,Norfolk,Group 3
WS6,Staffordshire,Group 2
NE11,Tyne and Wear,Group 1
BS21,Somerset,Group 2
LL63,Isle of Anglesey,Group 2
NN14,Northamptonshire,Group 2
SE20,Greater London,Group 3
CH6,Flintshire,Group 2
ME20,Kent,Group 3
SO51,Hampshire,Group 2
28,Ards,Unallocated
HX5,West Yorkshire,Group 1
M34,Greater Manchester,Group 2
BD8,West Yorkshire,Group 1
EC2N,Greater London,Group 3
EH12,City of Edinburgh,Group 1
SM6,Greater London,Group 3
CF11,Cardiff,Group 2
CF37,"Rhondda, Cynon, Taff",Group 2
NR33,Suffolk,Group 3
WA7,Cheshire,Group 2
B76,Warwickshire,Group 2
B45,Worcestershire,Group 2
ME1,Kent,Group 3
NN8,Northamptonshire,Group 2
BT8,Castlereagh,Unallocated
BH16,Dorset,Group 2
LA22,Cumbria,Group 1
LE7,Leicestershire,Group 2
EH29,City of Edinburgh,Group 1
DN6,North Yorkshire,Group 1
RM7,Greater London,Group 3
IV43,Highland,Group 1
RG5,Berkshire,Group 2
102,Aberdeen City,Group 1
WS8,West Midlands,Group 2
B49,Warwickshire,Group 2
B10,West Midlands,Group 2
PH37,Highland,Group 1
KY10,Fife,Group 1
GU11,Hampshire,Group 2
CV3,West Midlands,Group 2
DA1,Kent,Group 3
WA55,Cheshire,Group 2
ME5,Kent,Group 3
DY10,Worcestershire,Group 2
EH30,City of Edinburgh,Group 1
W12,Greater London,Group 3
PA71,Argyll and Bute,Group 1
LL36,Gwynedd,Group 2
BN1,East Sussex,Group 3
FY1,Lancashire,Group 1
L6,Merseyside,Group 2
DA15,Kent,Group 3
WS1,West Midlands,Group 2
IP7,Suffolk,Group 3
WV5,Shropshire,Group 2
B72,West Midlands,Group 2
CF81,Caerphilly,Group 2
PH9,Perth and Kinross,Group 1
PH21,Highland,Group 1
BT22,Ards,Unallocated
BT16,Castlereagh,Unallocated
LS4,West Yorkshire,Group 1
N2,Greater London,Group 3
BD20,North Yorkshire,Group 1
CB21,Cambridgeshire,Group 3
DD4,Dundee City,Group 1
NE99,Tyne and Wear,Group 1
LE11,Leicestershire,Group 2
CA21,Cumbria,Group 1
LU4,Bedfordshire,Group 3
DY4,West Midlands,Group 2
FY5,Lancashire,Group 1
G54,Glasgow City,Group 1
UB8,Buckinghamshire,Group 3
IP2,Suffolk,Group 3
G42,Glasgow City,Group 1
L21,Merseyside,Group 2
AB24,Aberdeen City,Group 1
NG23,Lincolnshire,Group 1
NE47,Northumberland,Group 1
TN27,Kent,Group 3
IV27,Highland,Group 1
S46,South Yorkshire,Group 1
L40,Lancashire,Group 2
EN7,Greater London,Group 3
BN6,East Sussex,Group 3
BT47,Derry City,Unallocated
WR12,Gloucestershire,Group 2
PL20,Devon,Group 2
BL6,Lancashire,Group 2
WR3,Worcestershire,Group 2
S60,South Yorkshire,Group 1
IV4,Highland,Group 1
SE28,Greater London,Group 3
SG2,Hertfordshire,Group 3
SM3,Greater London,Group 3
IG7,Greater London,Group 3
LL32,Conwy,Group 2
M12,Greater Manchester,Group 2
NE33,Tyne and Wear,Group 1
TW14,Greater London,Group 3
FK12,Clackmannanshire,Group 1
IV63,Highland,Group 1
SS14,Greater London,Group 3
DA16,Kent,Group 3
WA13,Cheshire,Group 2
IV24,Highland,Group 1
EH43,Scottish Borders,Group 1
RG19,Berkshire,Group 2
FY7,Lancashire,Group 1
TQ7,Devon,Group 2
KY7,Fife,Group 1
IP1,Suffolk,Group 3
WC1X,Greater London,Group 3
14,Ards,Unallocated
TA15,Somerset,Group 2
B1,West Midlands,Group 2
S5,South Yorkshire,Group 1
DT4,Dorset,Group 2
SL8,Buckinghamshire,Group 2
ST12,Staffordshire,Group 2
DH2,Durham,Group 1
BT94,Fermanagh,Unallocated
WA3,Cheshire,Group 2
WF6,West Yorkshire,Group 1
BT27,Lisburn,Unallocated
PA65,Argyll and Bute,Group 1
LL44,Gwynedd,Group 2
IV11,Highland,Group 1
IP13,Suffolk,Group 3
TR20,Cornwall,Group 2
MK16,Buckinghamshire,Group 3
PL32,Cornwall,Group 2
PE35,Norfolk,Group 1
L30,Merseyside,Group 2
L15,Merseyside,Group 2
LA3,Lancashire,Group 1
PA2,Renfrewshire,Group 1
LS12,West Yorkshire,Group 1
LA21,Cumbria,Group 1
IP15,Suffolk,Group 3
BA3,Somerset,Group 2
19,Ards,Unallocated
BN27,East Sussex,Group 3
OX12,Berkshire,Group 3
BR8,Kent,Group 3
IV5,Highland,Group 1
SK6,Cheshire,Group 2
PE6,Cambridgeshire,Group 1
NE98,Tyne and Wear,Group 1
B21,West Midlands,Group 2
SL95,Berkshire,Group 2
G38,Glasgow City,Group 1
PO41,Isle of Wight,Group 2
TR5,Cornwall,Group 2
B6,West Midlands,Group 2
PL19,Devon,Group 2
S80,Nottinghamshire,Group 1
IV55,Highland,Group 1
CO9,Greater London,Group 3
EC1V,Greater London,Group 3
DT11,Dorset,Group 2
BN26,East Sussex,Group 3
N17,Greater London,Group 3
RG23,Hampshire,Group 2
WC2A,Greater London,Group 3
PO19,West Sussex,Group 2
N19,Greater London,Group 3
BA1,Bath and North East Somerset,Group 2
EX35,Devon,Group 2
TD3,Scottish Borders,Group 1
PE28,Cambridgeshire,Group 1
BT75,Fermanagh,Unallocated
SA67,Pembrokeshire,Group 2
CO11,Greater London,Group 3
G47,Glasgow City,Group 1
SP1,Wiltshire,Group 2
DN1,South Yorkshire,Group 1
W2,Greater London,Group 3
EC4R,Greater London,Group 3
BD12,West Yorkshire,Group 1
LL28,Conwy,Group 2
SN1,Wiltshire,Group 2
NN18,Northamptonshire,Group 2
LN10,Lincolnshire,Group 1
S17,South Yorkshire,Group 1
LL18,Denbighshire,Group 2
CF83,Caerphilly,Group 2
DN3,South Yorkshire,Group 1
EH16,Midlothian,Group 1
EN10,Greater London,Group 3
SS15,Greater London,Group 3
LL74,Isle of Anglesey,Group 2
EN2,Greater London,Group 3
EH8,City of Edinburgh,Group 1
BN45,West Sussex,Group 3
PA21,Argyll and Bute,Group 1
LD3,Powys,Group 2
BT46,Magherafelt,Unallocated
NR18,Norfolk,Group 3
L24,Merseyside,Group 2
NE10,Tyne and Wear,Group 1
LL42,Gwynedd,Group 2
KT9,Surrey,Group 2
SR2,Tyne and Wear,Group 1
NE8,Tyne and Wear,Group 1
NG10,Derbyshire,Group 1
CH99,Cheshire,Group 2
CA17,Cumbria,Group 1
OX27,Buckinghamshire,Group 3
IM4,NULL,Unallocated
SM7,Greater London,Group 3
PE99,Cambridgeshire,Group 1
OX25,Oxfordshire,Group 3
NN12,Northamptonshire,Group 2
EC3A,Greater London,Group 3
LA11,Cumbria,Group 1
PH24,Highland,Group 1
LL68,Isle of Anglesey,Group 2
M90,Greater Manchester,Group 2
BD9,West Yorkshire,Group 1
PE30,Norfolk,Group 1
AL6,Hertfordshire,Group 2
DE56,Derbyshire,Group 1
WF7,West Yorkshire,Group 1
KW8,Highland,Unallocated
DE5,Derbyshire,Group 1
CT13,Kent,Group 3
CM23,Greater London,Group 3
L74,Merseyside,Group 2
PA33,Argyll and Bute,Group 1
LS7,West Yorkshire,Group 1
M6,Greater Manchester,Group 2
TN6,East Sussex,Group 3
SE4,Greater London,Group 3
IV28,Highland,Group 1
KA22,North Ayrshire,Group 1
L72,Merseyside,Group 2
E11,Greater London,Group 3
GU8,Surrey,Group 2
SL60,Berkshire,Group 2
BS25,Somerset,Group 2
SY2,Shropshire,Group 2
PH7,Perth and Kinross,Group 1
SO31,Hampshire,Group 2
BH6,Dorset,Group 2
IP5,Suffolk,Group 3
OX5,Oxfordshire,Group 3
CF23,Cardiff,Group 2
TR9,Cornwall,Group 2
SW17,Greater London,Group 3
WF1,West Yorkshire,Group 1
TF12,Shropshire,Group 2
AB36,Aberdeenshire,Group 1
B15,West Midlands,Group 2
e81,Greater London,Group 3
BB6,Lancashire,Group 1
DG9,Dumfries and Galloway,Group 1
GL54,Gloucestershire,Group 2
PA26,Argyll and Bute,Group 1
EH42,East Lothian,Group 1
B47,Worcestershire,Group 2
IP29,Suffolk,Group 3
WN1,Lancashire,Group 2
NR23,Norfolk,Group 3
BD21,West Yorkshire,Group 1
PH35,Highland,Group 1
CA16,Cumbria,Group 1
G56,Glasgow City,Group 1
S2,South Yorkshire,Group 1
DG5,Dumfries and Galloway,Group 1
BT13,Belfast,Unallocated
SS12,Greater London,Group 3
M17,Cheshire,Group 2
G59,Glasgow City,Group 1
EH2,City of Edinburgh,Group 1
TA3,Somerset,Group 2
DA9,Kent,Group 3
CO15,Greater London,Group 3
BS16,City of Bristol,Group 2
ML3,South Lanarkshire,Group 1
GU2,Surrey,Group 2
DN40,South Yorkshire,Group 1
CO3,Greater London,Group 3
PH39,Highland,Group 1
NW5,Greater London,Group 3
G34,Glasgow City,Group 1
ST11,Staffordshire,Group 2
S30,South Yorkshire,Group 1
PA48,Argyll and Bute,Group 1
GU30,Hampshire,Group 2
YO23,North Yorkshire,Group 1
E3,Greater London,Group 3
DY14,Shropshire,Group 2
CH33,Merseyside,Group 2
G90,Glasgow City,Group 1
IP32,Suffolk,Group 3
DN10,Lincolnshire,Group 1
NG24,Nottinghamshire,Group 1
W1F,Greater London,Group 3
YO7,North Yorkshire,Group 1
LL11,Wrexham,Group 2
LL71,Isle of Anglesey,Group 2
PE1,Cambridgeshire,Group 1
PH50,Highland,Group 1
PL30,Cornwall,Group 2
SE10,Greater London,Group 3
BA8,Somerset,Group 2
YO30,North Yorkshire,Group 1
SA5,Swansea,Group 2
SO21,Hampshire,Group 2
M31,Cheshire,Group 2
WF17,West Yorkshire,Group 1
B8,West Midlands,Group 2
SO19,Hampshire,Group 2
LA6,Cumbria,Group 1
WN7,Lancashire,Group 2
HD5,West Yorkshire,Group 1
CV4,West Midlands,Group 2
BS9,City of Bristol,Group 2
B35,West Midlands,Group 2
LE21,Leicestershire,Group 2
KW10,Highland,Unallocated
L9,Merseyside,Group 2
BT12,Belfast,Unallocated
PA12,Renfrewshire,Group 1
G76,Glasgow City,Group 1
S10,South Yorkshire,Group 1
TR7,Cornwall,Group 2
CF15,Cardiff,Group 2
TN35,East Sussex,Group 3
B73,West Midlands,Group 2
S74,South Yorkshire,Group 1
YO10,North Yorkshire,Group 1
KA19,South Ayrshire,Group 1
PR6,Lancashire,Group 1
E16,Greater London,Group 3
FK13,Clackmannanshire,Group 1
NW11,Greater London,Group 3
PA11,Renfrewshire,Group 1
SA61,Pembrokeshire,Group 2
HX6,West Yorkshire,Group 1
SN6,Oxfordshire,Group 2
WC1V,Greater London,Group 3
FK17,Stirling,Group 1
CH2,Cheshire,Group 2
IV41,Highland,Group 1
WV1,West Midlands,Group 2
RG1,Berkshire,Group 2
BT37,Newtownabbey,Unallocated
PE34,Norfolk,Group 1
E2,Greater London,Group 3
ME6,Kent,Group 3
LS25,North Yorkshire,Group 1
LL26,Conwy,Group 2
CT6,Kent,Group 3
CM5,Greater London,Group 3
KA29,North Ayrshire,Group 1
NE67,Northumberland,Group 1
SO20,Hampshire,Group 2
HU14,East Riding of Yorkshire,Group 1
SY1,Shropshire,Group 2
KW15,Orkney Islands,Unallocated
YO41,East Riding of Yorkshire,Group 1
HP17,Buckinghamshire,Group 3
FK3,Falkirk,Group 1
CV10,Leicestershire,Group 2
IG1,Greater London,Group 3
GL9,Gloucestershire,Group 2
G14,Glasgow City,Group 1
LA18,Cumbria,Group 1
DY12,Worcestershire,Group 2
EC3P,Greater London,Group 3
SW20,Greater London,Group 3
PH42,Highland,Group 1
PH19,Highland,Group 1
GU46,Hampshire,Group 2
KA5,East Ayrshire,Group 1
KT5,Greater London,Group 2
WF11,North Yorkshire,Group 1
IV42,Highland,Group 1
EH53,West Lothian,Group 1
KA21,North Ayrshire,Group 1
S9,South Yorkshire,Group 1
L20,Merseyside,Group 2
HU4,East Riding of Yorkshire,Group 1
IP17,Suffolk,Group 3
IP11,Suffolk,Group 3
PO2,Hampshire,Group 2
SA19,Carmarthenshire,Group 2
YO62,North Yorkshire,Group 1
IG6,Greater London,Group 3
NW9,Greater London,Group 3
B43,West Midlands,Group 2
W1U,Greater London,Group 3
MK3,Buckinghamshire,Group 3
MK40,Buckinghamshire,Group 3
G72,South Lanarkshire,Group 1
DL11,Durham,Group 1
EC3V,Greater London,Group 3
NE30,Tyne and Wear,Group 1
PE16,Cambridgeshire,Group 1
G63,Stirling,Group 1
BD6,West Yorkshire,Group 1
EX16,Devon,Group 2
M15,Greater Manchester,Group 2
B23,West Midlands,Group 2
TA12,Somerset,Group 2
PA13,Renfrewshire,Group 1
TW15 3PP ,Surrey,Group 3
PL26,Cornwall,Group 2
BB3,Lancashire,Group 1
HD1,West Yorkshire,Group 1
DG12,Dumfries and Galloway,Group 1
TN36,East Sussex,Group 3
WA6,Cheshire,Group 2
NE28,Tyne and Wear,Group 1
NP13,Blaenau Gwent,Group 2
WV7,Shropshire,Group 2
KW7,Highland,Unallocated
LL70,Isle of Anglesey,Group 2
HR6,Herefordshire,Group 2
CF10,Cardiff,Group 2
NP11,Blaenau Gwent,Group 2
IV15,Highland,Group 1
CV47,Warwickshire,Group 2
PE32,Norfolk,Group 1
IP33,Suffolk,Group 3
G68,Glasgow City,Group 1
B26,West Midlands,Group 2
SE7,Greater London,Group 3
G75,South Lanarkshire,Group 1
B66,West Midlands,Group 2
W1C,Greater London,Group 3
L1,Merseyside,Group 2
TR4,Cornwall,Group 2
44,Ards,Unallocated
BS14,City of Bristol,Group 2
WR11,Gloucestershire,Group 2
PO16,Hampshire,Group 2
CF82,Caerphilly,Group 2
BT32,Banbridge,Unallocated
EN6,Greater London,Group 3
S40,Derbyshire,Group 1
TW7,Greater London,Group 3
NG5,Nottinghamshire,Group 1
KY3,Fife,Group 1
NW4,Greater London,Group 3
SY6,Shropshire,Group 2
WV14,West Midlands,Group 2
TW18,Surrey,Group 3
SA64,Pembrokeshire,Group 2
HG3,North Yorkshire,Group 1
NR32,Suffolk,Group 3
NE61,Northumberland,Group 1
G51,Renfrewshire,Group 1
CF34,Bridgend,Group 2
B70,West Midlands,Group 2
BT56,Coleraine,Unallocated
YO91,North Yorkshire,Group 1
PL31,Cornwall,Group 2
CF40,"Rhondda, Cynon, Taff",Group 2
DD7,Angus,Group 1
GU5,Surrey,Group 2
LL55,Gwynedd,Group 2
BB2,Lancashire,Group 1
DA3,Kent,Group 3
HP21,Buckinghamshire,Group 3
LE55,Leicestershire,Group 2
RH12,West Sussex,Group 3
HR7,Herefordshire,Group 2
KY9,Fife,Group 1
ba,,Unallocated
DA2,Kent,Group 3
PA27,Argyll and Bute,Group 1
SW1A,Greater London,Group 3
BT5,Castlereagh,Unallocated
BT66,Craigavon,Unallocated
CM14,Greater London,Group 3
RG21,Hampshire,Group 2
SS7,Greater London,Group 3
TS22,Durham,Group 1
SS9,Greater London,Group 3
OL4,Lancashire,Group 1
S36,South Yorkshire,Group 1
BL8,Lancashire,Group 2
G4,Glasgow City,Group 1
EC2V,Greater London,Group 3
PH31,Highland,Group 1
TR19,Cornwall,Group 2
G78,Glasgow City,Group 1
ME99,Kent,Group 3
G3,Glasgow City,Group 1
HP6,Buckinghamshire,Group 3
RG25,Hampshire,Group 2
CM0,Greater London,Group 3
CA95,Cumbria,Group 1
AB34,Aberdeenshire,Group 1
PL13,Cornwall,Group 2
HU20,East Riding of Yorkshire,Group 1
M60,Greater Manchester,Group 2
IV20,Highland,Group 1
SA46,Ceredigion,Group 2
DD1,Dundee City,Group 1
YO42,East Riding of Yorkshire,Group 1
46,Ards,Unallocated
YO95,East Riding of Yorkshire,Group 1
ME15,Kent,Group 3
CW12,Cheshire,Group 2
IV9,Highland,Group 1
EX32,Devon,Group 2
e20,Greater London,Group 3
CH49,Merseyside,Group 2
KT1,Greater London,Group 2
KW5,Highland,Unallocated
ME7,Kent,Group 3
DN7,South Yorkshire,Group 1
NE37,Tyne and Wear,Group 1
NR31,Norfolk,Group 3
BH25,Hampshire,Group 2
GU24,Surrey,Group 2
SW3,Greater London,Group 3
RM15,Greater London,Group 3
LA4,Lancashire,Group 1
S58,South Yorkshire,Group 1
BT80,Cookstown,Unallocated
202,Aberdeen City,Group 1
WS10,West Midlands,Group 2
BN12,West Sussex,Group 3
ST5,Staffordshire,Group 2
GL56,Gloucestershire,Group 2
EX3,Devon,Group 2
SE1P,Greater London,Group 3
BN10,East Sussex,Group 3
SE12,Greater London,Group 3
RG20,Berkshire,Group 2
LS14,West Yorkshire,Group 1
LN13,Lincolnshire,Group 1
SK16,Greater Manchester,Group 2
ST55,Staffordshire,Group 2
IV7,Highland,Group 1
KA13,North Ayrshire,Group 1
TD7,Scottish Borders,Group 1
CH88,Cheshire,Group 2
LS16,West Yorkshire,Group 1
N10,Greater London,Group 3
WV3,West Midlands,Group 2
PA29,Argyll and Bute,Group 1
CO10,Greater London,Group 3
KT10,Surrey,Group 2
DN38,Lincolnshire,Group 1
BH18,Dorset,Group 2
OX17,Northamptonshire,Group 3
UB4,Greater London,Group 3
OL14,West Yorkshire,Group 1
G57,Glasgow City,Group 1
BS30,Gloucestershire,Group 2
BT25,Banbridge,Unallocated
CM99,Greater London,Group 3
YO22,North Yorkshire,Group 1
AB21,Aberdeen City,Group 1
BA2,Somerset,Group 2
N18,Greater London,Group 3
ST8,Staffordshire,Group 2
FK15,Perth and Kinross,Group 1
LL21,Conwy,Group 2
CT7,Kent,Group 3
TR17,Cornwall,Group 2
YO11,North Yorkshire,Group 1
PO40,Isle of Wight,Group 2
PL7,Devon,Group 2
KT22,Surrey,Group 2
IV21,Highland,Group 1
KW14,Highland,Unallocated
NE7,Tyne and Wear,Group 1
HA4,Greater London,Group 3
RM14,Greater London,Group 3
RM12,Greater London,Group 3
EH38,Scottish Borders,Group 1
DN35,Lincolnshire,Group 1
DG6,Dumfries and Galloway,Group 1
M40,Greater Manchester,Group 2
GL7,Gloucestershire,Group 2
ZE1,Shetland Islands,Unallocated
PR11,Lancashire,Group 1
GU26,Surrey,Group 2
CV37,Warwickshire,Group 2
CO8,Greater London,Group 3
SN25,Wiltshire,Group 2
TS17,North Yorkshire,Group 1
BD24,North Yorkshire,Group 1
RM20,Greater London,Group 3
CT14,Kent,Group 3
DH4,Durham,Group 1
CR90,Greater London,Group 3
NG90,Nottinghamshire,Group 1
GU1,Surrey,Group 2
M9,Greater Manchester,Group 2
IP21,Norfolk,Group 3
S59,South Yorkshire,Group 1
IP9,Suffolk,Group 3
B11,West Midlands,Group 2
LL16,Conwy,Group 2
BH4,Dorset,Group 2
WC1B,Greater London,Group 3
HU3,East Riding of Yorkshire,Group 1
SN26,Wiltshire,Group 2
OX29,Oxfordshire,Group 3
HP27,Buckinghamshire,Group 3
YO43,East Riding of Yorkshire,Group 1
SN4,Wiltshire,Group 2
WD5,Hertfordshire,Group 3
ML9,South Lanarkshire,Group 1
EH13,City of Edinburgh,Group 1
BR3,Kent,Group 3
TD4,Scottish Borders,Group 1
DE22,Derbyshire,Group 1
BH24,Dorset,Group 2
OL11,Lancashire,Group 1
GU95,Surrey,Group 2
DE1,Derbyshire,Group 1
EH99,City of Edinburgh,Group 1
SA17,Carmarthenshire,Group 2
ST7,Staffordshire,Group 2
W5,Greater London,Group 3
PA73,Argyll and Bute,Group 1
EX14,Devon,Group 2
BA13,Wiltshire,Group 2
PA42,Argyll and Bute,Group 1
NE39,Durham,Group 1
BD18,West Yorkshire,Group 1
BT29,Antrim,Unallocated
S12,Staffordshire,Group 1
PA64,Argyll and Bute,Group 1
SY5,Shropshire,Group 2
BS35,Gloucestershire,Group 2
41,Ards,Unallocated
EX13,Devon,Group 2
SN5,Wiltshire,Group 2
10,Ards,Unallocated
TN28,Kent,Group 3
DN32,Lincolnshire,Group 1
OX14,Oxfordshire,Group 3
CO14,Greater London,Group 3
M19,Greater Manchester,Group 2
PA32,Argyll and Bute,Group 1
SG13,Hertfordshire,Group 3
IG11,Greater London,Group 3
TN34,East Sussex,Group 3
B34,West Midlands,Group 2
RG12,Berkshire,Group 2
ML12,Dumfries and Galloway,Group 1
PA18,Inverclyde,Group 1
WD23,Hertfordshire,Group 3
EX9,Devon,Group 2
CM24,Greater London,Group 3
NG31,Lincolnshire,Group 1
CV31,Warwickshire,Group 2
DD10,,Group 1
WR10,Worcestershire,Group 2
LD2,Powys,Group 2
CH32,Merseyside,Group 2
DN5,South Yorkshire,Group 1
S34,South Yorkshire,Group 1
SA62,Pembrokeshire,Group 2
B61,Worcestershire,Group 2
E98,Greater London,Group 3
IV99,Highland,Group 1
SK17,Derbyshire,Group 2
S18,Derbyshire,Group 1
DE72,Derbyshire,Group 1
CH1,Cheshire,Group 2
TR18,Cornwall,Group 2
CH27,Merseyside,Group 2
EX1,Devon,Group 2
W11,Greater London,Group 3
PR8,Merseyside,Group 2
PL16,Devon,Group 2
PL5,Devon,Group 2
OL9,Lancashire,Group 1
SA65,Pembrokeshire,Group 2
TA7,Somerset,Group 2
HS4,Eilean Siar,Unallocated
LA23,Cumbria,Group 1
B64,West Midlands,Group 2
SP2,Wiltshire,Group 2
HA1,Greater London,Group 3
HD8,West Yorkshire,Group 1
WV6,Shropshire,Group 2
PH8,Perth and Kinross,Group 1
SN3,Wiltshire,Group 2
WA8,Cheshire,Group 2
G84,Glasgow City,Group 1
SN12,Wiltshire,Group 2
L37,Lancashire,Group 2
ST16,Staffordshire,Group 2
TN7,East Sussex,Group 3
NG25,Nottinghamshire,Group 1
HD3,West Yorkshire,Group 1
AL7,Hertfordshire,Group 2
S27,South Yorkshire,Group 1
KA1,East Ayrshire,Group 1
GU16,Surrey,Group 2
G36,Glasgow City,Group 1
WC2H,Greater London,Group 3
G49,Glasgow City,Group 1
G9,Glasgow City,Group 1
PR4,Lancashire,Group 1
SO45,Hampshire,Group 2
GL55,Gloucestershire,Group 2
SA32,Carmarthenshire,Group 2
CT17,Kent,Group 3
RG31,Berkshire,Group 2
TD13,Scottish Borders,Group 1
SA47,Ceredigion,Group 2
NR34,Norfolk,Group 3
PA17,North Ayrshire,Group 1
B38,West Midlands,Group 2
SP7,Dorset,Group 2
SA43,Ceredigion,Group 2
MK19,Buckinghamshire,Group 3
NR20,Norfolk,Group 3
CO2,Greater London,Group 3
G27,Glasgow City,Group 1
DN37,Lincolnshire,Group 1
49,Ards,Unallocated
203,Aberdeen City,Group 1
BB8,Lancashire,Group 1
GU35,Hampshire,Group 2
BS39,Somerset,Group 2
CV32,Warwickshire,Group 2
BH17,Dorset,Group 2
BS4,City of Bristol,Group 2
PE7,Cambridgeshire,Group 1
M5,Greater Manchester,Group 2
SM1,Greater London,Group 3
DA4,Kent,Group 3
ML5,North Lanarkshire,Group 1
OL15,Lancashire,Group 1
M41,Cheshire,Group 2
G17,Glasgow City,Group 1
NE44,Northumberland,Group 1
WA2,Cheshire,Group 2
PE24,Lincolnshire,Group 1
G45,Glasgow City,Group 1
SW1Y,Greater London,Group 3
FK5,Falkirk,Group 1
DE75,Derbyshire,Group 1
S14,South Yorkshire,Group 1
HR8,Gloucestershire,Group 2
IP4,Suffolk,Group 3
BS7,City of Bristol,Group 2
RH10,West Sussex,Group 3
NN9,Northamptonshire,Group 2
RM8,Greater London,Group 3
S64,South Yorkshire,Group 1
HP16,Buckinghamshire,Group 3
GU4,Surrey,Group 2
SW13,Greater London,Group 3
PL10,Cornwall,Group 2
BS32,Gloucestershire,Group 2
RG4,Berkshire,Group 2
PE21,Lincolnshire,Group 1
TD9,Scottish Borders,Group 1
MK4,Buckinghamshire,Group 3
L2,Merseyside,Group 2
GY4,Guernsey,Unallocated
NG70,Nottinghamshire,Group 1
SY20,Ceredigion,Group 2
LD1,Powys,Group 2
CH42,Merseyside,Group 2
PL18,Cornwall,Group 2
HD9,West Yorkshire,Group 1
PL29,Cornwall,Group 2
BT52,Coleraine,Unallocated
DN34,Lincolnshire,Group 1
37,Ards,Unallocated
N12,Greater London,Group 3
BH19,Dorset,Group 2
PA34,Argyll and Bute,Group 1
NG14,Nottinghamshire,Group 1
CH26,Merseyside,Group 2
LL37,Gwynedd,Group 2
AB54,Aberdeenshire,Group 1
CA1,Cumbria,Group 1
S19,South Yorkshire,Group 1
HU13,East Riding of Yorkshire,Group 1
EC1A,Greater London,Group 3
FK1,Falkirk,Group 1
CH41,Merseyside,Group 2
CA11,Cumbria,Group 1
E4,Greater London,Group 3
TA11,Somerset,Group 2
CT5,Kent,Group 3
AB53,Aberdeenshire,Group 1
W1W,Greater London,Group 3
DH6,Durham,Group 1
L39,Lancashire,Group 2
DE99,Derbyshire,Group 1
EC3R,Greater London,Group 3
BS48,Somerset,Group 2
SW8,Greater London,Group 3
BT43,Ballymena,Unallocated
CB8,Cambridgeshire,Group 3
TS3,North Yorkshire,Group 1
BL2,Lancashire,Group 2
FK4,Falkirk,Group 1
SR5,Tyne and Wear,Group 1
NR26,Norfolk,Group 3
TD1,Scottish Borders,Group 1
OL10,Lancashire,Group 1
NE65,Northumberland,Group 1
CH63,Merseyside,Group 2
NE4,Tyne and Wear,Group 1
CR9,Greater London,Group 3
NE36,Tyne and Wear,Group 1
CB5,Cambridgeshire,Group 3
N14,Greater London,Group 3
DG8,Dumfries and Galloway,Group 1
ML2,North Lanarkshire,Group 1
HD4,West Yorkshire,Group 1
NP7,Monmouthshire,Group 2
LA2,Lancashire,Group 1
DN14,East Riding of Yorkshire,Group 1
WD25,Hertfordshire,Group 3
LL53,Gwynedd,Group 2
LE8,Leicestershire,Group 2
DA8,Kent,Group 3
BT64,Craigavon,Unallocated
G69,Glasgow City,Group 1
NR17,Norfolk,Group 3
KA20,North Ayrshire,Group 1
BL1,Lancashire,Group 2
EH23,Midlothian,Group 1
HD7,West Yorkshire,Group 1
TN14,Kent,Group 3
100,Aberdeen City,Group 1
NE88,Tyne and Wear,Group 1
OL7,Greater Manchester,Group 1
ST21,Staffordshire,Group 2
ST4,Staffordshire,Group 2
CA20,Cumbria,Group 1
SO23,Hampshire,Group 2
GU9,Surrey,Group 2
KT4,Greater London,Group 2
S25,South Yorkshire,Group 1
PA68,Argyll and Bute,Group 1
LS8,West Yorkshire,Group 1
EX19,Devon,Group 2
FK20,Stirling,Group 1
RH5,Surrey,Group 3
SL4,Berkshire,Group 2
EH34,East Lothian,Group 1
HP18,Buckinghamshire,Group 3
HP15,Buckinghamshire,Group 3
G31,Glasgow City,Group 1
BT74,Fermanagh,Unallocated
PA28,Argyll and Bute,Group 1
UB5,Greater London,Group 3
OX7,Gloucestershire,Group 3
LL15,Denbighshire,Group 2
PE36,Norfolk,Group 1
CT18,Kent,Group 3
AB44,Aberdeenshire,Group 1
S51,South Yorkshire,Group 1
OL16,Lancashire,Group 1
205,Aberdeen City,Group 1
BS80,Gloucestershire,Group 2
CT2,Kent,Group 3
E13,Greater London,Group 3
WF14,West Yorkshire,Group 1
SA45,Ceredigion,Group 2
KW9,Highland,Unallocated
TD11,Scottish Borders,Group 1
ST15,Staffordshire,Group 2
TN11,Kent,Group 3
BH14,Dorset,Group 2
HA6,Greater London,Group 3
PA75,Argyll and Bute,Group 1
BT15,Belfast,Unallocated
BT24,Down,Unallocated
PA25,Argyll and Bute,Group 1
HP11,Buckinghamshire,Group 3
CV5,West Midlands,Group 2
ME18,Kent,Group 3
KT18,Surrey,Group 2
NE42,Northumberland,Group 1
IV12,Highland,Group 1
TQ2,Devon,Group 2
AB37,Moray,Group 1
SG6,Hertfordshire,Group 3
SA66,Pembrokeshire,Group 2
TN23,Kent,Group 3
YO61,North Yorkshire,Group 1
PH36,Argyll and Bute,Group 1
WD4,Hertfordshire,Group 3
IV51,Highland,Group 1
WN2,Lancashire,Group 2
LL54,Gwynedd,Group 2
PL27,Cornwall,Group 2
TN12,Kent,Group 3
TQ9,Devon,Group 2
SP8,Dorset,Group 2
HU18,East Riding of Yorkshire,Group 1
BH7,Dorset,Group 2
CV7,Warwickshire,Group 2
SE16,Greater London,Group 3
B28,West Midlands,Group 2
L19,Merseyside,Group 2
LS21,North Yorkshire,Group 1
TA4,Somerset,Group 2
OX33,Oxfordshire,Group 3
BN41,East Sussex,Group 3
NP4,Monmouthshire,Group 2
NP10,Caerphilly,Group 2
IM3,NULL,Unallocated
SW1V,Greater London,Group 3
TF13,Shropshire,Group 2
UB2,Greater London,Group 3
LL24,Conwy,Group 2
L23,Merseyside,Group 2
NR2,Norfolk,Group 3
N8,Greater London,Group 3
SE2,Greater London,Group 3
NR10,Norfolk,Group 3
SL0,Buckinghamshire,Group 2
M16,Cheshire,Group 2
S23,South Yorkshire,Group 1
RG28,Hampshire,Group 2
CH3,Cheshire,Group 2
L33,Merseyside,Group 2
